feature_id,bedrooms,squareFootage,features,bathrooms,lotSize
1,3,1404.0,"{'architectureType': 'Conventional', 'cooling': True, 'coolingType': 'Central', 'exteriorType': 'Combination', 'floorCount': 1, 'foundationType': 'Raised', 'garage': True, 'garageType': 'Garage', 'heating': True, 'heatingType': 'Baseboard', 'roomCount': 5}",2,11108.0
2,3,2258.0,"{'cooling': True, 'coolingType': 'Central', 'exteriorType': 'Stucco', 'floorCount': 1, 'foundationType': 'Slab / Mat / Raft', 'garage': True, 'garageType': 'Attached', 'heating': True, 'heatingType': 'Central', 'pool': True, 'roofType': 'Asphalt', 'unitCount': 1}",2,10890.0
3,0,,{},0,
4,6,3345.0,"{'architectureType': 'Two Family', 'cooling': True, 'coolingType': 'Commercial', 'exteriorType': 'Brick / Stone', 'floorCount': 3, 'garage': True, 'garageType': 'Detached', 'roofType': 'Roll Tar & Gravel', 'unitCount': 3}",3,3780.0
5,5,2418.0,"{'cooling': True, 'coolingType': 'Central', 'floorCount': 2, 'foundationType': 'Slab / Mat / Raft', 'garage': True, 'garageSpaces': 2, 'garageType': 'Attached', 'heating': True, 'heatingType': 'Forced Air', 'roofType': 'Asphalt'}",2,5053.0
6,3,2139.0,"{'cooling': True, 'coolingType': 'Central', 'exteriorType': 'Brick Veneer', 'fireplace': True, 'floorCount': 1, 'foundationType': 'Slab / Mat / Raft', 'garage': True, 'garageSpaces': 2, 'garageType': 'Attached', 'heating': True, 'heatingType': 'Central', 'roofType': 'Composition Shingle', 'unitCount': 1}",2,6984.0
7,3,1140.0,"{'cooling': True, 'coolingType': 'Central', 'exteriorType': 'Brick', 'floorCount': 1, 'foundationType': 'Slab / Mat / Raft', 'garage': True, 'garageType': 'Garage', 'heating': True, 'heatingType': 'Central', 'roofType': 'Composition Shingle', 'unitCount': 1}",2,6595.0
8,3,1152.0,"{'cooling': True, 'coolingType': 'Central', 'fireplace': True, 'floorCount': 1, 'garage': True, 'garageSpaces': 2, 'garageType': 'Garage', 'roomCount': 6, 'unitCount': 1}",1,8400.0
9,3,1444.0,"{'architectureType': 'Townhouse', 'cooling': True, 'coolingType': 'Commercial', 'exteriorType': 'Siding', 'floorCount': 2, 'heating': True, 'heatingType': 'Forced Air', 'roofType': 'Composition Shingle', 'unitCount': 1}",3,6403.0
10,3,1170.0,"{'architectureType': 'Cape Cod', 'exteriorType': 'Aluminum / Vinyl Siding', 'fireplace': True, 'floorCount': 1, 'heating': True, 'heatingType': 'Gas', 'roomCount': 6, 'unitCount': 1}",1,5663.0
11,2,1484.0,"{'architectureType': 'Conventional', 'floorCount': 1, 'garage': True, 'garageSpaces': 1, 'garageType': 'Garage', 'heating': True, 'heatingType': 'Central', 'pool': True, 'roomCount': 8, 'unitCount': 1}",2,8207.0
12,5,2880.0,"{'cooling': True, 'coolingType': 'Central', 'fireplace': True, 'floorCount': 2, 'garage': True, 'garageSpaces': 2, 'garageType': 'Attached', 'heating': True, 'heatingType': 'Central', 'pool': True, 'roofType': 'Tile', 'unitCount': 1}",3,13939.0
13,4,2493.0,"{'architectureType': 'Traditional', 'cooling': True, 'coolingType': 'Central', 'exteriorType': 'Brick', 'fireplace': True, 'floorCount': 2, 'foundationType': 'Slab / Mat / Raft', 'garage': True, 'garageSpaces': 1, 'garageType': 'Detached', 'heating': True, 'heatingType': 'Central', 'roomCount': 8, 'unitCount': 1, 'pool': True}",2,10637.0
14,4,2290.0,"{'architectureType': 'Colonial', 'cooling': True, 'coolingType': 'Commercial', 'exteriorType': 'Aluminum / Vinyl Siding', 'floorCount': 2, 'garage': True, 'garageSpaces': 2, 'garageType': 'Attached', 'heating': True, 'heatingType': 'Hot Water', 'roofType': 'Asphalt', 'roomCount': 8}",2,36155.0
15,4,2420.0,"{'fireplace': True, 'floorCount': 2, 'garage': True, 'garageType': 'Attached', 'heating': True, 'heatingType': 'Forced Air', 'unitCount': 1}",2,84942.0
16,2,948.0,"{'architectureType': 'Duplex', 'roomCount': 14}",2,3808.0
17,5,4112.0,"{'cooling': True, 'coolingType': 'Central', 'fireplace': True, 'floorCount': 2, 'garage': True, 'garageSpaces': 3, 'garageType': 'Attached Garage', 'heating': True, 'heatingType': 'Central', 'pool': True, 'roofType': 'Tile', 'unitCount': 1}",4,114998.0
18,3,1684.0,"{'architectureType': 'Traditional', 'cooling': True, 'coolingType': 'Central', 'exteriorType': 'Brick Veneer', 'floorCount': 1, 'foundationType': 'Slab / Mat / Raft', 'garage': True, 'garageSpaces': 2, 'garageType': 'Attached', 'heating': True, 'heatingType': 'Central', 'roomCount': 6, 'unitCount': 1}",2,6599.0
19,4,1693.0,"{'cooling': True, 'coolingType': 'Central', 'floorCount': 1, 'foundationType': 'Slab / Mat / Raft', 'garage': True, 'garageSpaces': 1, 'garageType': 'Attached', 'heating': True, 'heatingType': 'Forced Air', 'roofType': 'Asphalt'}",2,5227.0
20,2,1800.0,"{'architectureType': 'Multi-Unit Building', 'cooling': True, 'coolingType': 'Central', 'floorCount': 1, 'heating': True, 'heatingType': 'Central', 'unitCount': 2}",2,6820.0
21,4,2468.0,{},3,12632.0
22,3,2116.0,"{'cooling': True, 'coolingType': 'Central', 'exteriorType': 'Brick', 'fireplace': True, 'floorCount': 1, 'garage': True, 'garageType': 'Attached', 'heating': True, 'heatingType': 'Central', 'roomCount': 7, 'unitCount': 1}",2,17623.0
23,2,1207.0,"{'cooling': True, 'coolingType': 'Central', 'exteriorType': 'Brick Veneer', 'floorCount': 1, 'foundationType': 'Slab / Mat / Raft', 'garage': True, 'garageSpaces': 1, 'garageType': 'Attached', 'heating': True, 'heatingType': 'Central', 'roofType': 'Composition Shingle', 'unitCount': 1}",1,7500.0
24,3,1598.0,"{'architectureType': 'Contemporary', 'cooling': True, 'coolingType': 'Central', 'exteriorType': 'Asbestos Shingle', 'floorCount': 1, 'foundationType': 'Slab / Mat / Raft', 'heating': True, 'heatingType': 'Floor / Wall', 'roofType': 'Roll Tar & Gravel', 'roomCount': 6, 'unitCount': 1}",1,7536.0
25,1,,{},1,
26,3,1156.0,"{'architectureType': 'Ranch', 'cooling': True, 'coolingType': 'Central', 'exteriorType': 'Brick / Stone', 'floorCount': 1, 'heating': True, 'heatingType': 'Central', 'roofType': 'Composition Shingle', 'roomCount': 6, 'unitCount': 1}",3,7187.0
27,3,2438.0,nan,3,
28,4,2782.0,"{'cooling': True, 'coolingType': 'Central', 'exteriorType': 'Brick Veneer', 'fireplace': True, 'fireplaceType': 'Prefab', 'floorCount': 2, 'foundationType': 'Crawl / Raised', 'garage': True, 'garageType': 'Garage', 'heating': True, 'heatingType': 'Steam', 'roofType': 'Asphalt', 'unitCount': 1}",2,22651.0
29,3,3220.0,"{'cooling': True, 'coolingType': 'Partial', 'exteriorType': 'Brick', 'fireplace': True, 'floorCount': 2, 'foundationType': 'Stone', 'garage': True, 'garageSpaces': 2, 'garageType': 'Garage', 'heating': True, 'heatingType': 'Hot Water', 'roofType': 'Metal', 'roomCount': 8, 'unitCount': 2}",1,8276.0
30,2,942.0,"{'architectureType': 'Ranch', 'exteriorType': 'Metal', 'floorCount': 1, 'foundationType': 'Concrete', 'garage': True, 'garageSpaces': 1, 'garageType': 'Detached', 'roofType': 'Asphalt', 'roomCount': 4, 'unitCount': 1}",1,4500.0
31,3,1391.0,"{'architectureType': 'Conventional', 'cooling': True, 'coolingType': 'Commercial', 'floorCount': 1, 'garage': True, 'garageSpaces': 1, 'garageType': 'Garage', 'heating': True, 'heatingType': 'Central', 'roomCount': 9, 'unitCount': 1}",2,7688.0
32,3,1906.0,nan,1,2526.0
33,0,2109.0,"{'cooling': True, 'coolingType': 'Refrigeration', 'exteriorType': 'Wood', 'floorCount': 1, 'garage': True, 'garageSpaces': 2, 'garageType': 'Garage', 'heating': True, 'heatingType': 'Gravity', 'roofType': 'Other', 'unitCount': 1}",3,6421.0
34,5,3465.0,nan,3,19602.0
35,3,1402.0,"{'exteriorType': 'OTHER', 'fireplace': True, 'floorCount': 1, 'foundationType': 'Raised', 'garage': True, 'garageType': 'Attached', 'heating': True, 'heatingType': 'Forced Air', 'roofType': 'Composition Shingle', 'roomCount': 5, 'unitCount': 1}",2,9583.0
36,3,2246.0,"{'architectureType': 'Ranch / Rambler', 'cooling': True, 'coolingType': 'Central', 'exteriorType': 'Stucco', 'floorCount': 1, 'garage': True, 'garageSpaces': 1, 'garageType': 'Attached', 'heating': True, 'heatingType': 'Forced Air', 'pool': True, 'roofType': 'Asphalt', 'unitCount': 1}",2,22410.0
37,4,2338.0,"{'cooling': True, 'coolingType': 'Central', 'exteriorType': 'Brick Veneer', 'fireplace': True, 'floorCount': 1, 'foundationType': 'Slab / Mat / Raft', 'garage': True, 'garageSpaces': 2, 'garageType': 'Attached', 'heating': True, 'heatingType': 'Central', 'pool': True, 'roofType': 'Composition Shingle', 'unitCount': 1}",2,8115.0
38,3,1084.0,"{'floorCount': 1, 'garage': True, 'garageSpaces': 2, 'garageType': 'Attached', 'heating': True, 'heatingType': 'Floor / Wall', 'unitCount': 1, 'cooling': True, 'coolingType': 'Commercial'}",2,4791.0
39,4,3076.0,"{'cooling': True, 'coolingType': 'Central', 'exteriorType': 'Wood', 'fireplace': True, 'floorCount': 1, 'garage': True, 'garageType': 'Mixed', 'heating': True, 'heatingType': 'Forced Air', 'pool': True, 'roofType': 'Concrete Tile', 'unitCount': 1}",3,14712.0
40,3,1758.0,nan,2,
41,3,1217.0,"{'cooling': True, 'coolingType': 'Central', 'exteriorType': 'Stucco', 'floorCount': 1, 'garage': True, 'garageType': 'Garage', 'heating': True, 'heatingType': 'Forced Air', 'roofType': 'Composition Shingle', 'unitCount': 1}",2,
42,2,640.0,"{'exteriorType': 'Vinyl', 'floorCount': 1, 'heating': True, 'heatingType': 'Gravity', 'roomCount': 5, 'unitCount': 1}",1,
43,3,1560.0,"{'architectureType': 'Conventional', 'floorCount': 1, 'garage': True, 'garageSpaces': 1, 'garageType': 'Garage', 'heating': True, 'heatingType': 'Floor / Wall', 'roomCount': 6, 'unitCount': 1}",1,5980.0
44,2,1052.0,"{'architectureType': 'Condo / Apartment', 'exteriorType': 'Wood', 'fireplace': True, 'fireplaceType': 'Prefab', 'floorCount': 1, 'foundationType': 'OTHER', 'garage': True, 'garageType': 'Carport', 'heating': True, 'heatingType': 'Baseboard', 'roofType': 'Composition Shingle', 'unitCount': 2}",2,
45,0,,nan,1,
46,0,840.0,"{'architectureType': 'Mobile Home', 'floorCount': 1, 'heating': True, 'heatingType': 'Central'}",0,
47,0,,nan,0,
48,4,1453.0,nan,2,
49,4,3450.0,"{'cooling': True, 'coolingType': 'Central', 'fireplace': True, 'floorCount': 2, 'garage': True, 'garageSpaces': 4, 'garageType': 'Attached Garage', 'heating': True, 'heatingType': 'Central', 'roofType': 'Asphalt', 'roomCount': 14, 'unitCount': 1}",3,16988.0
50,4,1774.0,"{'architectureType': 'Condo / Apartment', 'fireplace': True, 'floorCount': 2, 'garage': True, 'garageType': 'Garage', 'roomCount': 6, 'unitCount': 1}",3,1774.0
51,0,1693.0,"{'cooling': True, 'coolingType': 'Central', 'exteriorType': 'Stucco', 'fireplace': True, 'floorCount': 1, 'foundationType': 'Slab / Mat / Raft', 'garage': True, 'garageType': 'Attached', 'heating': True, 'heatingType': 'Central', 'roofType': 'Composition Shingle'}",2,10341.0
52,4,2218.0,"{'cooling': True, 'coolingType': 'Central', 'fireplace': True, 'floorCount': 1, 'garage': True, 'garageType': 'Carport', 'heating': True, 'heatingType': 'Central', 'roofType': 'Wood Shingle', 'unitCount': 1}",1,40946.0
53,5,3851.0,"{'cooling': True, 'coolingType': 'Central', 'floorCount': 2, 'garage': True, 'garageSpaces': 3, 'garageType': 'Garage', 'heating': True, 'heatingType': 'Central', 'pool': True, 'unitCount': 1}",3,9566.0
54,3,1465.0,"{'architectureType': 'Condo / Apartment', 'cooling': True, 'coolingType': 'Central', 'exteriorType': 'Stucco', 'floorCount': 1, 'garage': True, 'garageSpaces': 2, 'garageType': 'Mixed', 'heating': True, 'heatingType': 'Forced Air', 'roofType': 'Tile', 'roomCount': 5, 'unitCount': 1}",2,
55,3,1322.0,"{'cooling': True, 'coolingType': 'Central', 'exteriorType': 'Concrete', 'fireplace': True, 'fireplaceType': 'Prefab', 'floorCount': 1, 'foundationType': 'Masonry', 'garage': True, 'garageType': 'Garage', 'heating': True, 'heatingType': 'Central', 'roofType': 'Asphalt', 'roomCount': 6, 'unitCount': 1}",2,24490.0
56,2,900.0,nan,1,
57,2,920.0,"{'cooling': True, 'coolingType': 'Commercial', 'exteriorType': 'Stucco', 'fireplace': True, 'floorCount': 1, 'garage': True, 'garageSpaces': 1, 'garageType': 'Garage', 'heating': True, 'heatingType': 'Forced Air', 'roofType': 'Tile', 'roomCount': 5, 'unitCount': 1}",1,871.0
58,2,880.0,"{'exteriorType': 'Concrete Block', 'floorCount': 1, 'unitCount': 1}",1,5600.0
59,3,2089.0,"{'cooling': True, 'coolingType': 'Commercial', 'exteriorType': 'Brick', 'floorCount': 2, 'heating': True, 'heatingType': 'Central', 'roofType': 'Composition Shingle', 'unitCount': 1, 'foundationType': 'Footing', 'garage': True, 'garageType': 'Garage'}",2,
60,2,1216.0,nan,2,
61,4,2890.0,"{'cooling': True, 'coolingType': 'Central', 'exteriorType': 'Brick Veneer', 'fireplace': True, 'floorCount': 2, 'foundationType': 'Pier / Post & Beam', 'garage': True, 'garageSpaces': 2, 'garageType': 'Detached', 'heating': True, 'heatingType': 'Central', 'pool': True, 'roofType': 'Composition Shingle', 'unitCount': 1}",3,9787.0
62,4,2274.0,"{'architectureType': 'Conventional', 'cooling': True, 'coolingType': 'Central', 'exteriorType': 'Brick', 'floorCount': 1, 'garage': True, 'garageSpaces': 2, 'garageType': 'Attached', 'heating': True, 'heatingType': 'Forced Air', 'roofType': 'Composition Shingle', 'unitCount': 1}",3,12001.0
63,2,1332.0,"{'architectureType': 'Ranch / Rambler', 'cooling': True, 'coolingType': 'Commercial', 'exteriorType': 'Brick Veneer', 'fireplace': True, 'floorCount': 1, 'foundationType': 'Masonry', 'garage': True, 'garageSpaces': 2, 'garageType': 'Attached Garage', 'heating': True, 'heatingType': 'Forced Air', 'roofType': 'Composition Shingle', 'roomCount': 6, 'unitCount': 1, 'viewType': 'Cul-de-sac'}",2,12197.0
64,1,644.0,nan,1,
65,5,3231.0,nan,3,
66,3,1566.0,"{'architectureType': 'Ranch', 'cooling': True, 'coolingType': 'Central', 'exteriorType': 'Brick', 'fireplace': True, 'floorCount': 1, 'garage': True, 'garageSpaces': 2, 'garageType': 'Attached', 'heating': True, 'heatingType': 'Forced Air', 'roofType': 'Composition Shingle', 'roomCount': 6, 'unitCount': 1}",1,5061.0
67,4,1607.0,"{'exteriorType': 'Stucco', 'floorCount': 1, 'roofType': 'Other', 'unitCount': 1}",2,6988.0
68,2,868.0,"{'architectureType': 'Contemporary', 'cooling': True, 'coolingType': 'Central', 'exteriorType': 'Aluminum / Vinyl Siding', 'floorCount': 1, 'foundationType': 'Slab', 'garage': True, 'garageSpaces': 1, 'garageType': 'Mixed', 'heating': True, 'heatingType': 'Forced Air', 'roofType': 'Asphalt', 'roomCount': 5, 'unitCount': 1}",1,7144.0
69,6,6703.0,"{'cooling': True, 'coolingType': 'Commercial', 'fireplace': True, 'floorCount': 2, 'garage': True, 'garageType': 'Garage', 'heating': True, 'heatingType': 'Forced Air'}",5,105415.0
70,2,939.0,"{'architectureType': 'Cape Cod', 'exteriorType': 'Aluminum / Vinyl Siding', 'fireplace': True, 'floorCount': 2, 'garage': True, 'garageSpaces': 1, 'garageType': 'Detached', 'heating': True, 'heatingType': 'Gravity', 'roofType': 'Asphalt', 'roomCount': 5, 'unitCount': 1}",2,4720.0
71,2,1122.0,"{'floorCount': 1, 'garage': True, 'garageType': 'Garage', 'unitCount': 1}",2,6787.0
72,4,2496.0,"{'cooling': True, 'coolingType': 'Central', 'exteriorType': 'Stucco', 'floorCount': 2, 'garage': True, 'garageSpaces': 2, 'garageType': 'Garage', 'heating': True, 'heatingType': 'Forced Air', 'roofType': 'Composition Shingle', 'unitCount': 1}",2,12218.0
73,6,2152.0,"{'architectureType': 'Two Family', 'exteriorType': 'Aluminum / Vinyl Siding', 'floorCount': 2, 'heating': True, 'heatingType': 'Hot Water', 'roofType': 'Shingle (Not Wood)', 'roomCount': 10, 'unitCount': 2}",2,7405.0
74,3,1400.0,nan,2,
75,0,,nan,0,12632.0
76,3,1506.0,"{'architectureType': 'Ranch', 'cooling': True, 'coolingType': 'Central', 'exteriorType': 'Brick Veneer', 'fireplace': True, 'fireplaceType': '2 Story', 'foundationType': 'OTHER', 'heating': True, 'heatingType': 'Heat Pump', 'roofType': 'Shingle', 'unitCount': 1}",2,42253.0
77,3,1667.0,"{'architectureType': 'Single Story', 'cooling': True, 'coolingType': 'Central', 'exteriorType': 'Stucco', 'fireplace': True, 'floorCount': 1, 'garage': True, 'garageSpaces': 1, 'garageType': 'Attached', 'heating': True, 'heatingType': 'Forced Air', 'roofType': 'Tile', 'roomCount': 5, 'unitCount': 1}",2,9148.0
78,3,2002.0,"{'architectureType': 'Single Story', 'cooling': True, 'coolingType': 'Central', 'exteriorType': 'Stucco', 'fireplace': True, 'floorCount': 1, 'garage': True, 'garageSpaces': 2, 'garageType': 'Attached Garage', 'heating': True, 'heatingType': 'Forced Air', 'roofType': 'Tile', 'roomCount': 6, 'unitCount': 1}",2,7405.0
79,3,1068.0,"{'cooling': True, 'coolingType': 'Central', 'floorCount': 1, 'garage': True, 'garageSpaces': 1, 'garageType': 'Attached', 'heating': True, 'heatingType': 'Central', 'roofType': 'Asphalt', 'roomCount': 5}",1,6900.0
80,4,2983.0,nan,3,14375.0
81,4,,nan,2,
82,0,840.0,"{'architectureType': 'European', 'floorCount': 1}",0,
83,3,1105.0,"{'architectureType': 'Colonial', 'cooling': True, 'coolingType': 'Central', 'exteriorType': 'Brick / Stone', 'fireplace': True, 'fireplaceType': 'Single', 'floorCount': 2, 'heating': True, 'heatingType': 'Central', 'roomCount': 6, 'unitCount': 1}",1,6000.0
84,2,1120.0,"{'architectureType': 'Townhouse', 'cooling': True, 'coolingType': 'Package', 'fireplace': True, 'floorCount': 2, 'garage': True, 'garageType': 'Carport', 'heating': True, 'heatingType': 'Forced Air', 'unitCount': 1}",2,523.0
85,3,2573.0,"{'cooling': True, 'coolingType': 'Commercial', 'exteriorType': 'Aluminum / Vinyl Siding', 'fireplace': True, 'floorCount': 2, 'garage': True, 'garageType': 'Attached', 'heating': True}",2,5489.0
86,0,768.0,"{'cooling': True, 'coolingType': 'Central', 'exteriorType': 'Wood', 'floorCount': 1, 'garage': True, 'garageType': 'Carport', 'unitCount': 1}",0,10890.0
87,3,2020.0,"{'cooling': True, 'coolingType': 'Central', 'exteriorType': 'Aluminum / Vinyl Siding', 'fireplace': True, 'fireplaceType': 'Prefab', 'floorCount': 2, 'foundationType': 'Other', 'garage': True, 'garageSpaces': 2, 'garageType': 'Garage', 'heating': True, 'heatingType': 'Central', 'roofType': 'Asphalt', 'unitCount': 1}",2,5227.0
88,1,795.0,{'architectureType': 'Condo / Apartment'},1,
89,4,3180.0,"{'cooling': True, 'coolingType': 'Central', 'floorCount': 2, 'garage': True, 'garageSpaces': 3, 'garageType': 'Garage', 'heating': True, 'heatingType': 'Central'}",3,31124.0
90,0,,{},0,479160.0
91,0,2861.0,"{'cooling': True, 'coolingType': 'Central', 'exteriorType': 'Brick Veneer', 'fireplace': True, 'floorCount': 1, 'foundationType': 'Slab / Mat / Raft', 'garage': True, 'garageSpaces': 3, 'garageType': 'Attached', 'heating': True, 'heatingType': 'Central', 'roofType': 'Composition Shingle'}",0,46827.0
92,3,2431.0,"{'cooling': True, 'coolingType': 'Commercial', 'exteriorType': 'OTHER', 'floorCount': 1, 'garage': True, 'garageType': 'Garage', 'heating': True, 'heatingType': 'Forced Air', 'pool': True, 'roofType': 'Composition Shingle', 'unitCount': 1, 'viewType': 'Water'}",2,13695.0
93,3,,nan,1,
94,4,2378.0,"{'cooling': True, 'coolingType': 'Central', 'exteriorType': 'Concrete Block', 'floorCount': 2, 'foundationType': 'Slab / Mat / Raft', 'garage': True, 'garageSpaces': 1, 'garageType': 'Attached', 'heating': True, 'heatingType': 'Central', 'roomCount': 7, 'unitCount': 1}",2,5519.0
95,0,4677.0,"{'cooling': True, 'coolingType': 'Refrigeration', 'exteriorType': 'Stucco', 'floorCount': 2, 'garage': True, 'garageSpaces': 6, 'garageType': 'Garage', 'heating': True, 'pool': True, 'roofType': 'Concrete Tile'}",6,12601.0
96,2,1004.0,"{'architectureType': 'Townhouse', 'exteriorType': 'Brick', 'unitCount': 1}",1,1307.0
97,1,863.0,"{'architectureType': 'Condo / Apartment', 'cooling': True, 'coolingType': 'Commercial', 'exteriorType': 'Brick / Stone', 'floorCount': 1, 'heating': True, 'unitCount': 1, 'viewType': 'Average'}",1,
98,0,,"{'architectureType': 'Condo / Apartment', 'floorCount': 26, 'unitCount': 1}",0,42875.0
99,0,1986.0,{},0,7579.0
100,5,1900.0,nan,4,6000.0
101,4,2551.0,"{'architectureType': 'Split Level', 'cooling': True, 'coolingType': 'Commercial', 'exteriorType': 'Aluminum / Vinyl Siding', 'fireplace': True, 'floorCount': 2, 'garage': True, 'garageSpaces': 2, 'garageType': 'Attached Garage', 'heating': True, 'heatingType': 'Forced Air', 'roofType': 'Composition Shingle', 'roomCount': 8, 'unitCount': 1}",2,16600.0
102,0,,nan,0,94869.0
103,2,728.0,"{'garage': True, 'garageSpaces': 1, 'garageType': 'Detached Garage', 'heating': True, 'heatingType': 'Floor / Wall', 'unitCount': 1}",1,5369.0
104,2,936.0,"{'architectureType': 'Traditional', 'cooling': True, 'coolingType': 'Central', 'exteriorType': 'Concrete Block', 'floorCount': 1, 'foundationType': 'Slab / Mat / Raft', 'heating': True, 'heatingType': 'Central', 'roomCount': 4, 'unitCount': 1}",1,5001.0
105,0,1248.0,{'architectureType': 'Mobile Home'},0,43560.0
106,2,1104.0,nan,1,
107,4,3187.0,"{'cooling': True, 'coolingType': 'Central', 'exteriorType': 'Stucco', 'fireplace': True, 'floorCount': 2, 'foundationType': 'Footing', 'garage': True, 'garageSpaces': 2, 'garageType': 'Garage', 'heating': True, 'heatingType': 'Forced Air', 'pool': True, 'poolType': 'Pool and Hot Tub / Spa', 'roofType': 'Shingle', 'unitCount': 1}",3,12998.0
108,3,3200.0,nan,3,
109,2,1932.0,"{'exteriorType': 'Stone', 'floorCount': 1}",2,12197.0
110,0,,{},0,43560.0
111,4,3080.0,nan,3,117612.0
112,3,1569.0,"{'architectureType': 'Contemporary', 'cooling': True, 'coolingType': 'Central', 'exteriorType': 'Stucco', 'floorCount': 1, 'garage': True, 'garageType': 'Garage', 'heating': True, 'heatingType': 'Central', 'roofType': 'Composition Shingle', 'unitCount': 1}",2,6771.0
113,12,2390.0,"{'exteriorType': 'Concrete Block', 'floorCount': 1}",12,4000.0
114,0,1882.0,"{'architectureType': 'Ranch / Rambler', 'cooling': True, 'coolingType': 'Central', 'exteriorType': 'Brick', 'floorCount': 1, 'garage': True, 'garageSpaces': 2, 'garageType': 'Attached', 'heating': True, 'heatingType': 'Central', 'roofType': 'Asphalt', 'unitCount': 1}",3,13068.0
115,4,2645.0,"{'architectureType': 'Contemporary', 'cooling': True, 'coolingType': 'Central', 'exteriorType': 'Other', 'floorCount': 2, 'foundationType': 'Slab / Mat / Raft', 'garage': True, 'garageSpaces': 1, 'garageType': 'Attached', 'heating': True, 'heatingType': 'Forced Air', 'roofType': 'Asphalt', 'roomCount': 8, 'unitCount': 1}",2,6839.0
116,5,6642.0,"{'cooling': True, 'coolingType': 'Commercial', 'fireplace': True, 'floorCount': 2, 'foundationType': 'Slab / Mat / Raft', 'garage': True, 'garageSpaces': 4, 'garageType': 'Attached', 'heating': True, 'heatingType': 'Central', 'pool': True, 'poolType': 'Pool and Hot Tub / Spa', 'roofType': 'Tile', 'unitCount': 1}",6,44431.0
117,0,1340.0,"{'architectureType': 'Townhouse', 'cooling': True, 'coolingType': 'Commercial', 'exteriorType': 'Wood', 'fireplace': True, 'floorCount': 2, 'garage': True, 'garageType': 'Garage', 'heating': True, 'heatingType': 'Forced Air', 'roofType': 'Composition Shingle', 'unitCount': 1}",2,1614.0
118,2,784.0,"{'architectureType': 'Bungalow', 'cooling': True, 'coolingType': 'Commercial', 'exteriorType': 'Aluminum / Vinyl Siding', 'floorCount': 1, 'foundationType': 'Concrete Block', 'heating': True, 'heatingType': 'Oil', 'roofType': 'Shingle (Not Wood)', 'roomCount': 5, 'unitCount': 1}",1,14810.0
119,3,1642.0,"{'architectureType': 'Conventional', 'cooling': True, 'coolingType': 'Commercial', 'floorCount': 1, 'garage': True, 'garageSpaces': 1, 'garageType': 'Garage', 'heating': True, 'heatingType': 'Central', 'roomCount': 10, 'unitCount': 1}",3,7537.0
120,2,908.0,"{'cooling': True, 'coolingType': 'Central', 'exteriorType': 'Aluminum / Vinyl Siding', 'floorCount': 1, 'foundationType': 'Pier / Post & Beam', 'heating': True, 'heatingType': 'Central', 'roofType': 'Shingle', 'roomCount': 8, 'unitCount': 1}",2,
121,3,1117.0,"{'cooling': True, 'coolingType': 'Commercial', 'exteriorType': 'Brick / Stone', 'foundationType': 'Slab / Mat / Raft', 'garage': True, 'garageType': 'Garage', 'heating': True, 'heatingType': 'Central', 'roofType': 'Composition Shingle', 'unitCount': 1}",2,7874.0
122,1,600.0,nan,1,
123,3,916.0,"{'cooling': True, 'coolingType': 'Window', 'exteriorType': 'Aluminum / Vinyl Siding', 'floorCount': 1, 'foundationType': 'Pier', 'garage': True, 'garageType': 'Garage', 'heating': True, 'heatingType': 'Gas', 'roofType': 'Composition Shingle', 'unitCount': 1}",1,7236.0
124,3,2014.0,"{'cooling': True, 'coolingType': 'Central', 'fireplace': True, 'floorCount': 1, 'garage': True, 'garageSpaces': 2, 'garageType': 'Garage', 'heating': True, 'heatingType': 'Central', 'pool': True, 'roofType': 'Wood Shake / Shingle', 'roomCount': 7, 'unitCount': 1}",2,7841.0
125,5,4370.0,"{'architectureType': 'Traditional', 'cooling': True, 'coolingType': 'Central', 'exteriorType': 'Brick', 'fireplace': True, 'floorCount': 2, 'foundationType': 'Slab / Mat / Raft', 'garage': True, 'garageSpaces': 2, 'garageType': 'Attached', 'heating': True, 'heatingType': 'Central', 'pool': True, 'poolType': 'Pool, Gunite', 'roomCount': 10, 'unitCount': 1}",3,9845.0
126,2,1182.0,"{'architectureType': 'European', 'cooling': True, 'coolingType': 'Central', 'exteriorType': 'Wood', 'floorCount': 1, 'foundationType': 'Pier / Post & Beam', 'garage': True, 'garageType': 'Carport', 'heating': True, 'heatingType': 'Forced Air', 'roofType': 'Shingle', 'unitCount': 1}",2,5505.0
127,3,,nan,2,
128,4,2022.0,"{'architectureType': 'Cape Cod', 'cooling': True, 'coolingType': 'Central', 'exteriorType': 'Stone', 'fireplace': True, 'floorCount': 1, 'garage': True, 'garageSpaces': 1, 'garageType': 'Attached', 'heating': True, 'heatingType': 'Central', 'roofType': 'Slate', 'roomCount': 8, 'unitCount': 1}",2,15500.0
129,0,1818.0,"{'architectureType': 'Townhouse', 'cooling': True, 'coolingType': 'Commercial', 'exteriorType': 'Wood', 'fireplace': True, 'fireplaceType': '2 Story', 'floorCount': 3, 'garage': True, 'garageType': 'Attached', 'heating': True, 'heatingType': 'Heat Pump', 'roofType': 'Composition Shingle', 'unitCount': 1}",2,25047.0
130,0,,"{'cooling': True, 'coolingType': 'Central', 'exteriorType': 'Stucco', 'fireplace': True, 'floorCount': 2, 'foundationType': 'Slab', 'garage': True, 'heating': True, 'heatingType': 'Central', 'pool': True, 'roomCount': 8, 'unitCount': 1}",5,701.0
131,3,1475.0,"{'architectureType': 'Conventional', 'cooling': True, 'coolingType': 'Central', 'exteriorType': 'Brick Veneer', 'fireplace': True, 'floorCount': 1, 'heating': True, 'heatingType': 'Central', 'roofType': 'Composition Shingle', 'roomCount': 6, 'unitCount': 1}",1,6882.0
132,3,1469.0,"{'cooling': True, 'coolingType': 'Central', 'exteriorType': 'Wood', 'fireplace': True, 'floorCount': 1, 'foundationType': 'Slab / Mat / Raft', 'garage': True, 'garageSpaces': 1, 'garageType': 'Attached', 'heating': True, 'heatingType': 'Central', 'roofType': 'Composition Shingle'}",2,6120.0
133,3,1777.0,{'unitCount': 1},2,6825.0
134,3,1585.0,nan,1,
135,64,,"{'architectureType': 'Mobile Home', 'unitCount': 1}",0,20909.0
136,3,1296.0,{},1,
137,6,5797.0,"{'architectureType': 'Duplex', 'cooling': True, 'coolingType': 'Commercial', 'unitCount': 2}",6,7650.0
138,5,3444.0,"{'architectureType': 'Contemporary', 'cooling': True, 'coolingType': 'Central', 'exteriorType': 'Stucco', 'floorCount': 2, 'garage': True, 'garageSpaces': 2, 'garageType': 'Garage', 'heating': True, 'heatingType': 'Central', 'pool': True, 'poolType': 'Reinforced Concrete', 'roofType': 'Composition Shingle', 'unitCount': 1}",4,11859.0
139,3,1197.0,"{'cooling': True, 'coolingType': 'Central', 'exteriorType': 'Brick', 'floorCount': 1, 'foundationType': 'Other', 'garage': True, 'garageType': 'Attached', 'heating': True, 'heatingType': 'Central', 'roofType': 'Asphalt', 'roomCount': 6, 'unitCount': 1}",1,9148.0
140,2,1710.0,"{'cooling': True, 'coolingType': 'Central', 'exteriorType': 'Brick / Stone', 'fireplace': True, 'floorCount': 1, 'foundationType': 'Raised', 'garage': True, 'garageType': 'Basement', 'heating': True, 'heatingType': 'Central', 'roofType': 'Asphalt', 'roomCount': 5}",2,23522.0
141,3,1749.0,"{'cooling': True, 'coolingType': 'Commercial', 'exteriorType': 'Siding', 'floorCount': 2, 'garage': True, 'garageType': 'Attached', 'heating': True, 'heatingType': 'Forced Air', 'roomCount': 8}",1,3049.0
142,2,912.0,"{'cooling': True, 'coolingType': 'Central', 'exteriorType': 'Brick', 'floorCount': 2, 'heating': True, 'heatingType': 'Steam', 'roomCount': 4, 'unitCount': 1}",1,5501.0
143,0,1440.0,{},0,
144,3,1844.0,"{'cooling': True, 'coolingType': 'Central', 'exteriorType': 'Stucco', 'floorCount': 1, 'garage': True, 'garageSpaces': 2, 'garageType': 'Attached Garage', 'heating': True, 'heatingType': 'Central', 'pool': True, 'roofType': 'Tile', 'roomCount': 6, 'unitCount': 1}",2,5837.0
145,5,2459.0,"{'cooling': True, 'coolingType': 'Central', 'exteriorType': 'Stucco', 'floorCount': 2, 'garage': True, 'garageSpaces': 2, 'garageType': 'Built-in', 'heating': True, 'heatingType': 'Forced Air', 'roofType': 'Tile', 'roomCount': 8}",3,4500.0
146,3,1992.0,nan,2,
147,0,,{'architectureType': 'Condo / Apartment'},0,17122.0
148,4,2250.0,nan,2,10000.0
149,0,1024.0,"{'architectureType': 'Townhouse', 'cooling': True, 'coolingType': 'Commercial', 'exteriorType': 'Wood', 'fireplace': True, 'floorCount': 2, 'garage': True, 'garageType': 'Garage', 'heating': True, 'heatingType': 'Heat Pump', 'roofType': 'Composition Shingle', 'unitCount': 1}",1,63598.0
150,2,1122.0,"{'cooling': True, 'coolingType': 'Central', 'floorCount': 1, 'foundationType': 'Crawl / Raised', 'garage': True, 'garageSpaces': 2, 'garageType': 'Detached Garage', 'heating': True, 'heatingType': 'Central', 'roofType': 'Asphalt', 'roomCount': 4}",2,5663.0
151,3,1264.0,nan,1,7841.0
152,5,2905.0,nan,2,
153,3,1717.0,"{'cooling': True, 'coolingType': 'Central', 'exteriorType': 'Brick Veneer', 'fireplace': True, 'floorCount': 1, 'foundationType': 'Slab / Mat / Raft', 'garage': True, 'garageSpaces': 2, 'garageType': 'Attached', 'heating': True, 'heatingType': 'Central', 'pool': True, 'poolType': 'Pool, Gunite', 'roomCount': 5, 'unitCount': 1}",2,7627.0
154,4,3413.0,"{'cooling': True, 'coolingType': 'Central', 'exteriorType': 'OTHER', 'fireplace': True, 'fireplaceType': 'Gas Log', 'floorCount': 2, 'foundationType': 'OTHER', 'garage': True, 'garageType': 'Built-in', 'heating': True, 'heatingType': 'Central', 'roofType': 'Wood Shingle', 'roomCount': 9, 'unitCount': 1}",5,15540.0
155,2,1607.0,"{'architectureType': 'Townhouse', 'cooling': True, 'coolingType': 'Central', 'exteriorType': 'Brick Veneer', 'fireplace': True, 'floorCount': 1, 'foundationType': 'Slab', 'garage': True, 'garageSpaces': 2, 'garageType': 'Attached', 'heating': True, 'heatingType': 'Central', 'roomCount': 6, 'unitCount': 1}",2,3615.0
156,0,1485.0,"{'cooling': True, 'coolingType': 'Commercial', 'fireplace': True, 'floorCount': 1, 'garage': True, 'garageType': 'Attached', 'heating': True, 'heatingType': 'Central', 'unitCount': 1}",2,16117.0
157,2,1450.0,nan,1,
158,3,1652.0,nan,2,
159,4,3178.0,"{'cooling': True, 'coolingType': 'Central', 'fireplace': True, 'fireplaceType': 'Backed', 'floorCount': 1, 'garage': True, 'garageSpaces': 2, 'garageType': 'Attached', 'heating': True, 'heatingType': 'Central', 'pool': True, 'poolType': 'Pool and Hot Tub / Spa', 'unitCount': 1}",3,15681.0
160,3,1424.0,"{'cooling': True, 'coolingType': 'Central', 'floorCount': 1, 'garage': True, 'garageSpaces': 1, 'garageType': 'Detached Garage', 'heating': True, 'heatingType': 'Central', 'roofType': 'Asphalt', 'roomCount': 7, 'unitCount': 1}",0,5706.0
161,2,1152.0,nan,1,
162,4,2917.0,"{'cooling': True, 'coolingType': 'Central', 'exteriorType': 'Brick', 'floorCount': 1, 'foundationType': 'Slab / Mat / Raft', 'garage': True, 'garageType': 'Garage', 'heating': True, 'heatingType': 'Central', 'roofType': 'Composition Shingle', 'fireplace': True}",2,33977.0
163,0,2851.0,"{'architectureType': 'Conventional', 'cooling': True, 'coolingType': 'Commercial', 'exteriorType': 'Brick', 'fireplace': True, 'floorCount': 2, 'garage': True, 'garageSpaces': 3, 'garageType': 'Attached', 'heating': True, 'heatingType': 'Forced Air', 'roofType': 'Composition Shingle', 'unitCount': 1}",2,30818.0
164,5,3612.0,"{'cooling': True, 'coolingType': 'Central', 'exteriorType': 'Stucco', 'floorCount': 2, 'garage': True, 'garageType': 'Built-in', 'heating': True, 'heatingType': 'Forced Air', 'roofType': 'Tile', 'roomCount': 9}",3,9466.0
165,0,1422.0,"{'architectureType': 'Cape Cod', 'exteriorType': 'Aluminum / Vinyl Siding', 'floorCount': 2, 'garage': True, 'garageType': 'Garage', 'unitCount': 1}",0,4561.0
166,4,1699.0,"{'architectureType': 'Colonial', 'cooling': True, 'coolingType': 'Central', 'exteriorType': 'Aluminum / Vinyl Siding', 'floorCount': 2, 'foundationType': 'Raised', 'garage': True, 'garageSpaces': 1, 'garageType': 'Garage', 'heating': True, 'heatingType': 'Forced Air', 'roofType': 'Composition Shingle', 'roomCount': 7, 'unitCount': 1}",2,4792.0
167,2,750.0,nan,1,
168,1,1141.0,"{'architectureType': 'Ranch', 'cooling': True, 'coolingType': 'Commercial', 'exteriorType': 'Wood', 'fireplace': True, 'fireplaceType': 'Single', 'floorCount': 1, 'foundationType': 'OTHER', 'garage': True, 'garageType': 'Built-in', 'heating': True, 'heatingType': 'Forced Air', 'roofType': 'Composition Shingle', 'roomCount': 4}",2,2866.0
169,2,1265.0,"{'architectureType': 'Mobile Home', 'cooling': True, 'coolingType': 'Commercial', 'exteriorType': 'OTHER', 'floorCount': 1, 'heating': True, 'heatingType': 'Central', 'roofType': 'Composition Shingle', 'unitCount': 1}",2,5663.0
170,3,1456.0,nan,2,
171,3,2166.0,"{'architectureType': 'Ranch', 'cooling': True, 'coolingType': 'Commercial', 'exteriorType': 'Combination', 'fireplace': True, 'floorCount': 1, 'garage': True, 'garageType': 'Attached', 'heating': True, 'heatingType': 'Hot Water', 'roofType': 'Asphalt', 'roomCount': 8}",2,44867.0
172,3,1396.0,"{'architectureType': 'Conventional', 'cooling': True, 'coolingType': 'Central', 'exteriorType': 'Brick Veneer', 'fireplace': True, 'floorCount': 1, 'foundationType': 'Slab / Mat / Raft', 'garage': True, 'garageType': 'Garage', 'heating': True, 'heatingType': 'Central', 'roofType': 'Composition Shingle', 'unitCount': 1}",2,6986.0
173,2,1010.0,"{'architectureType': 'Ranch', 'exteriorType': 'Siding', 'fireplace': True, 'floorCount': 1, 'foundationType': 'OTHER', 'garage': True, 'garageType': 'Detached', 'heating': True, 'roofType': 'Composition Shingle', 'unitCount': 1}",1,7013.0
174,2,1738.0,"{'architectureType': 'Duplex', 'cooling': True, 'coolingType': 'Central', 'exteriorType': 'Brick Veneer', 'fireplace': True, 'floorCount': 1, 'foundationType': 'Pier / Post & Beam', 'garage': True, 'garageSpaces': 2, 'garageType': 'Mixed', 'heating': True, 'heatingType': 'Central', 'roofType': 'Composition Shingle', 'unitCount': 1}",2,12514.0
175,3,2778.0,"{'architectureType': 'Colonial', 'cooling': True, 'coolingType': 'Commercial', 'fireplace': True, 'floorCount': 2, 'garage': True, 'garageSpaces': 2, 'garageType': 'Attached Garage', 'heating': True, 'heatingType': 'Package', 'roomCount': 8, 'unitCount': 1}",4,12632.0
176,3,2615.0,"{'architectureType': 'Raised Ranch', 'cooling': True, 'coolingType': 'Commercial', 'exteriorType': 'Aluminum / Vinyl Siding', 'floorCount': 1, 'garage': True, 'garageType': 'Garage', 'heating': True, 'heatingType': 'Hot Water', 'roofType': 'Asphalt', 'roomCount': 6, 'unitCount': 2}",2,20038.0
177,3,2178.0,"{'architectureType': 'Duplex Single', 'cooling': True, 'coolingType': 'Central', 'exteriorType': 'Brick', 'floorCount': 3, 'garage': True, 'garageType': 'Garage', 'heating': True, 'heatingType': 'Forced Air', 'roomCount': 8}",2,2832.0
178,4,3231.0,"{'architectureType': '2+ Story', 'cooling': True, 'coolingType': 'Central', 'exteriorType': 'Stucco', 'fireplace': True, 'floorCount': 2, 'garage': True, 'garageSpaces': 4, 'garageType': 'Attached Garage', 'heating': True, 'heatingType': 'Forced Air', 'pool': True, 'roofType': 'Tile', 'roomCount': 7, 'unitCount': 1}",4,33541.0
179,1,432.0,"{'architectureType': 'Mobile Home', 'garage': True, 'garageType': 'Carport', 'unitCount': 1}",1,2400.0
180,3,1056.0,nan,2,
181,1,732.0,{},1,
182,2,1508.0,"{'architectureType': 'Condo / Apartment', 'unitCount': 1}",2,
183,4,3109.0,"{'cooling': True, 'coolingType': 'Central', 'exteriorType': 'Brick Veneer', 'fireplace': True, 'floorCount': 1, 'foundationType': 'Slab / Mat / Raft', 'garage': True, 'garageSpaces': 1, 'garageType': 'Carport', 'heating': True, 'heatingType': 'Central', 'pool': True, 'roofType': 'Composition Shingle', 'unitCount': 1}",3,9760.0
184,2,907.0,nan,2,9999.0
185,0,3342.0,"{'cooling': True, 'coolingType': 'Refrigeration', 'exteriorType': 'Wood', 'fireplace': True, 'floorCount': 1, 'garage': True, 'garageSpaces': 2, 'garageType': 'Attached', 'heating': True, 'heatingType': 'Forced Air', 'roofType': 'Built-up (Layered Asphalt)', 'roomCount': 6}",0,19166.0
186,4,1152.0,"{'cooling': True, 'coolingType': 'Commercial', 'exteriorType': 'Combination', 'fireplace': True, 'floorCount': 1, 'heating': True, 'heatingType': 'Heat Pump', 'roofType': 'Composition Shingle', 'roomCount': 7}",2,
187,0,1260.0,"{'cooling': True, 'coolingType': 'Central', 'exteriorType': 'Aluminum / Vinyl Siding', 'floorCount': 1, 'foundationType': 'Slab / Mat / Raft', 'garage': True, 'garageSpaces': 1, 'garageType': 'Detached', 'heating': True, 'heatingType': 'Central', 'roofType': 'Metal', 'unitCount': 1}",2,8329.0
188,4,5115.0,nan,3,
189,0,1260.0,"{'cooling': True, 'coolingType': 'Central', 'exteriorType': 'Brick Veneer', 'fireplace': True, 'floorCount': 1, 'foundationType': 'Slab', 'garage': True, 'garageSpaces': 1, 'garageType': 'Garage', 'heating': True, 'heatingType': 'Central', 'unitCount': 1}",2,13526.0
190,3,1410.0,"{'cooling': True, 'coolingType': 'Central', 'exteriorType': 'Brick', 'fireplace': True, 'floorCount': 1, 'garage': True, 'garageType': 'Attached', 'heating': True, 'heatingType': 'Central'}",1,12510.0
191,1,794.0,"{'heating': True, 'heatingType': 'Electric'}",1,
192,4,946.0,"{'architectureType': 'Conventional', 'cooling': True, 'coolingType': 'Central', 'exteriorType': 'Vinyl', 'floorCount': 1, 'garage': True, 'garageType': 'Carport', 'heating': True, 'heatingType': 'Central', 'roomCount': 6, 'unitCount': 1}",1,15000.0
193,3,1085.0,"{'architectureType': 'Ranch', 'cooling': True, 'coolingType': 'Commercial', 'fireplace': True, 'floorCount': 1, 'foundationType': 'OTHER', 'garage': True, 'garageType': 'Attached', 'heating': True, 'heatingType': 'Forced Air', 'roofType': 'Asphalt', 'roomCount': 5}",2,13981.0
194,0,1936.0,"{'cooling': True, 'coolingType': 'Commercial', 'exteriorType': 'Other', 'floorCount': 1, 'foundationType': 'Concrete', 'garage': True, 'garageSpaces': 2, 'garageType': 'Attached', 'heating': True, 'heatingType': 'Central', 'roofType': 'Tile', 'unitCount': 1}",0,5227.0
195,3,1705.0,"{'architectureType': 'Contemporary', 'cooling': True, 'coolingType': 'Central', 'exteriorType': 'Combination', 'fireplace': True, 'floorCount': 1, 'foundationType': 'Slab / Mat / Raft', 'garage': True, 'garageSpaces': 2, 'garageType': 'Attached', 'heating': True, 'heatingType': 'Forced Air', 'roofType': 'Asphalt', 'roomCount': 6, 'unitCount': 1}",2,12458.0
196,4,2203.0,"{'cooling': True, 'coolingType': 'Central', 'exteriorType': 'Wood', 'floorCount': 2, 'garage': True, 'garageType': 'Garage', 'heating': True, 'heatingType': 'Central', 'roomCount': 8, 'unitCount': 1}",2,47916.0
197,3,1405.0,"{'architectureType': 'A-Frame', 'cooling': True, 'coolingType': 'Commercial', 'exteriorType': 'Stucco', 'floorCount': 2, 'foundationType': 'OTHER', 'garage': True, 'garageType': 'Built-in', 'heating': True, 'heatingType': 'Forced Air', 'roofType': 'Shingle', 'unitCount': 1}",3,1176.0
198,3,1660.0,"{'architectureType': 'Ranch', 'cooling': True, 'coolingType': 'Commercial', 'exteriorType': 'Brick Veneer', 'fireplace': True, 'floorCount': 1, 'foundationType': 'OTHER', 'garage': True, 'garageType': 'Attached', 'heating': True, 'heatingType': 'Forced Air', 'roofType': 'Composition Shingle', 'roomCount': 5, 'unitCount': 1}",2,16117.0
199,3,2509.0,"{'cooling': True, 'coolingType': 'Central', 'floorCount': 1, 'garage': True, 'garageSpaces': 2, 'garageType': 'Garage', 'heating': True, 'heatingType': 'Central', 'unitCount': 1}",2,10559.0
200,4,1800.0,"{'architectureType': 'Conventional', 'floorCount': 1, 'garage': True, 'garageSpaces': 1, 'garageType': 'Garage', 'heating': True, 'heatingType': 'Central', 'roomCount': 9, 'unitCount': 1}",2,5741.0
201,3,1358.0,"{'cooling': True, 'coolingType': 'Commercial', 'heating': True, 'heatingType': 'Central', 'unitCount': 1}",2,6680.0
202,4,3212.0,"{'cooling': True, 'coolingType': 'Central', 'exteriorType': 'Brick', 'fireplace': True, 'floorCount': 1, 'garage': True, 'garageType': 'Attached', 'heating': True, 'heatingType': 'Central', 'roomCount': 8}",3,20778.0
203,3,1196.0,"{'architectureType': 'Ranch / Rambler', 'cooling': True, 'coolingType': 'Commercial', 'exteriorType': 'Aluminum / Vinyl Siding', 'fireplace': True, 'floorCount': 1, 'foundationType': 'Concrete', 'garage': True, 'garageSpaces': 2, 'garageType': 'Attached Garage', 'heating': True, 'heatingType': 'Forced Air', 'roofType': 'Composition Shingle', 'roomCount': 5, 'unitCount': 1, 'viewType': 'Cul-de-sac'}",2,11326.0
204,0,592.0,{},1,
205,3,1179.0,"{'cooling': True, 'coolingType': 'Central', 'exteriorType': 'Stucco', 'floorCount': 1, 'foundationType': 'Slab / Mat / Raft', 'garage': True, 'garageSpaces': 1, 'garageType': 'Carport', 'roofType': 'Tile', 'unitCount': 1}",2,8510.0
206,3,1989.0,"{'cooling': True, 'coolingType': 'Central', 'exteriorType': 'Brick', 'fireplace': True, 'floorCount': 1, 'foundationType': 'Masonry', 'garage': True, 'garageSpaces': 2, 'garageType': 'Garage', 'heating': True, 'heatingType': 'Forced Air', 'pool': True, 'roofType': 'Shingle', 'unitCount': 1}",2,6708.0
207,3,1784.0,"{'architectureType': 'Traditional', 'cooling': True, 'coolingType': 'Central', 'exteriorType': 'Brick Veneer', 'fireplace': True, 'floorCount': 1, 'foundationType': 'Slab / Mat / Raft', 'garage': True, 'garageSpaces': 2, 'garageType': 'Attached', 'heating': True, 'heatingType': 'Central', 'roomCount': 6, 'unitCount': 1}",2,13843.0
208,3,2112.0,"{'architectureType': 'Ranch', 'cooling': True, 'coolingType': 'Central', 'exteriorType': 'Aluminum / Vinyl Siding', 'fireplace': True, 'floorCount': 1, 'garage': True, 'garageSpaces': 2, 'garageType': 'Attached', 'heating': True, 'heatingType': 'Central', 'roomCount': 6}",2,22651.0
209,3,1265.0,"{'architectureType': 'Condo / Apartment', 'cooling': True, 'coolingType': 'Commercial', 'floorCount': 1, 'heating': True, 'heatingType': 'Central', 'roomCount': 8}",2,436.0
210,4,1406.0,"{'architectureType': 'Conventional', 'floorCount': 1, 'garage': True, 'garageSpaces': 1, 'garageType': 'Garage', 'heating': True, 'heatingType': 'Floor / Wall', 'roomCount': 5, 'unitCount': 1}",2,6000.0
211,4,2612.0,"{'cooling': True, 'coolingType': 'Commercial', 'exteriorType': 'Aluminum / Vinyl Siding', 'floorCount': 2, 'foundationType': 'Masonry', 'garage': True, 'garageSpaces': 3, 'garageType': 'Mixed', 'heating': True, 'heatingType': 'Heat Pump', 'roofType': 'Composition Shingle', 'roomCount': 14}",4,16988.0
212,6,3675.0,nan,3,
213,0,1350.0,"{'architectureType': 'Conventional', 'cooling': True, 'coolingType': 'Commercial', 'exteriorType': 'Aluminum / Vinyl Siding', 'fireplace': True, 'floorCount': 2, 'garage': True, 'garageType': 'Garage', 'heating': True, 'heatingType': 'Forced Air', 'roofType': 'Composition Shingle', 'unitCount': 1}",1,8055.0
214,3,2196.0,nan,2,
215,4,2379.0,"{'architectureType': 'Split Level', 'cooling': True, 'coolingType': 'Central', 'exteriorType': 'Brick / Stone', 'floorCount': 2, 'garage': True, 'garageSpaces': 2, 'garageType': 'Attached', 'roofType': 'Shingle', 'unitCount': 1}",2,5886.0
216,3,1160.0,"{'floorCount': 1, 'garage': True, 'garageSpaces': 2, 'garageType': 'Attached', 'roomCount': 8, 'unitCount': 1}",2,6300.0
217,3,1240.0,"{'architectureType': 'Traditional', 'cooling': True, 'coolingType': 'Central', 'exteriorType': 'Brick Veneer', 'fireplace': True, 'floorCount': 1, 'foundationType': 'Slab / Mat / Raft', 'garage': True, 'garageSpaces': 2, 'garageType': 'Attached', 'heating': True, 'heatingType': 'Central', 'roomCount': 5, 'unitCount': 1, 'pool': True}",2,8298.0
218,3,1528.0,nan,2,
219,3,1818.0,"{'architectureType': 'Ranch', 'cooling': True, 'coolingType': 'Central', 'exteriorType': 'Aluminum / Vinyl Siding', 'fireplace': True, 'floorCount': 1, 'foundationType': 'Slab / Mat / Raft', 'garage': True, 'garageSpaces': 1, 'garageType': 'Garage', 'heating': True, 'heatingType': 'Forced Air', 'roofType': 'Shingle', 'roomCount': 6, 'unitCount': 1}",2,9148.0
220,3,1168.0,"{'architectureType': 'Traditional', 'exteriorType': 'OTHER', 'fireplace': True, 'floorCount': 2, 'heating': True, 'heatingType': 'Baseboard', 'roomCount': 6, 'unitCount': 1}",2,3049.0
221,4,2237.0,"{'architectureType': 'Ranch / Rambler', 'cooling': True, 'coolingType': 'Central', 'exteriorType': 'Stucco', 'fireplace': True, 'fireplaceType': 'Gas Log', 'floorCount': 1, 'heating': True, 'heatingType': 'Forced Air', 'roofType': 'Composition Shingle', 'roomCount': 7, 'unitCount': 1}",3,10019.0
222,3,1452.0,"{'architectureType': 'Conventional', 'floorCount': 1, 'garage': True, 'garageSpaces': 1, 'garageType': 'Garage', 'heating': True, 'heatingType': 'Floor / Wall', 'roomCount': 6, 'unitCount': 1}",2,7189.0
223,3,2200.0,nan,2,
224,1,750.0,nan,1,
225,0,2346.0,"{'architectureType': 'Ranch / Rambler', 'cooling': True, 'coolingType': 'Package', 'exteriorType': 'Aluminum / Vinyl Siding', 'fireplace': True, 'floorCount': 1, 'foundationType': 'Footing', 'garage': True, 'garageType': 'Garage', 'heating': True, 'heatingType': 'Package', 'roofType': 'Composition Shingle', 'unitCount': 1}",2,25613.0
226,4,2763.0,"{'cooling': True, 'coolingType': 'Central', 'exteriorType': 'Brick Veneer', 'fireplace': True, 'floorCount': 2, 'foundationType': 'OTHER', 'garage': True, 'garageType': 'Attached', 'heating': True, 'heatingType': 'Forced Air', 'roofType': 'Composition Shingle', 'roomCount': 8}",2,14593.0
227,2,1471.0,nan,2,
228,1,692.0,{},1,
229,6,3488.0,"{'architectureType': 'Traditional', 'exteriorType': 'Aluminum / Vinyl Siding', 'floorCount': 2, 'garage': True, 'garageSpaces': 2, 'garageType': 'Detached Garage', 'heating': True, 'heatingType': 'Forced Air'}",2,5950.0
230,2,837.0,"{'cooling': True, 'coolingType': 'Central', 'floorCount': 1, 'garage': True, 'garageSpaces': 1, 'garageType': 'Attached Garage', 'heating': True, 'heatingType': 'Central', 'unitCount': 1}",1,6200.0
231,1,,nan,1,
232,0,3382.0,"{'architectureType': 'Duplex', 'floorCount': 2, 'garage': True, 'garageType': 'Garage', 'unitCount': 2}",0,8000.0
233,4,2128.0,"{'floorCount': 2, 'garage': True, 'garageSpaces': 2, 'garageType': 'Garage', 'unitCount': 1}",4,10890.0
234,0,1681.0,"{'fireplace': True, 'floorCount': 2, 'garage': True, 'garageSpaces': 2, 'garageType': 'Garage', 'heating': True, 'heatingType': 'Hot Water'}",1,6098.0
235,5,2331.0,"{'fireplace': True, 'floorCount': 2, 'garage': True, 'garageType': 'Garage', 'heating': True, 'heatingType': 'Forced Air', 'roomCount': 8, 'unitCount': 1}",2,6100.0
236,0,1728.0,"{'architectureType': 'Duplex', 'floorCount': 2, 'unitCount': 2}",0,2700.0
237,0,2902.0,"{'exteriorType': 'Aluminum / Vinyl Siding', 'fireplace': True, 'floorCount': 2, 'garage': True, 'garageType': 'Attached', 'unitCount': 1}",0,29621.0
238,0,4153.0,"{'cooling': True, 'coolingType': 'Central', 'exteriorType': 'Wood', 'fireplace': True, 'fireplaceType': 'Single', 'floorCount': 1, 'foundationType': 'OTHER', 'garage': True, 'garageType': 'Built-in', 'heating': True, 'heatingType': 'Central', 'roofType': 'Fiberglass'}",4,53143.0
239,0,1316.0,"{'architectureType': 'Condo / Apartment', 'exteriorType': 'Other', 'floorCount': 1, 'heating': True, 'heatingType': 'Central', 'roofType': 'Asphalt', 'unitCount': 1}",2,43560.0
240,3,1816.0,"{'cooling': True, 'coolingType': 'Central', 'floorCount': 1, 'heating': True, 'heatingType': 'Central', 'roofType': 'Shingle', 'roomCount': 8}",1,
241,3,1260.0,"{'architectureType': 'Townhouse', 'cooling': True, 'coolingType': 'Central', 'exteriorType': 'Stucco', 'fireplace': True, 'fireplaceType': 'Prefab', 'floorCount': 1, 'foundationType': 'Slab / Mat / Raft', 'garage': True, 'garageType': 'Attached', 'heating': True, 'heatingType': 'Central', 'roofType': 'Asphalt'}",2,32670.0
242,0,,nan,0,2265120.0
243,0,,{},0,11371.0
244,3,2258.0,"{'cooling': True, 'coolingType': 'Commercial', 'exteriorType': 'Brick', 'fireplace': True, 'floorCount': 2, 'foundationType': 'Wood', 'garage': True, 'garageType': 'Attached', 'heating': True, 'heatingType': 'Forced Air', 'roofType': 'Asphalt'}",3,
245,3,1371.0,nan,2,6534.0
246,0,1844.0,"{'architectureType': 'Conventional', 'cooling': True, 'coolingType': 'Commercial', 'exteriorType': 'Wood Shingle', 'fireplace': True, 'fireplaceType': '1 Story Brick Chimney', 'floorCount': 2, 'garage': True, 'garageType': 'Garage', 'heating': True, 'heatingType': 'Radiant', 'roofType': 'Composition Shingle', 'unitCount': 1}",1,8580.0
247,2,1146.0,"{'architectureType': 'Conventional', 'cooling': True, 'coolingType': 'Evaporative Cooler', 'fireplace': True, 'floorCount': 1, 'garage': True, 'garageSpaces': 1, 'garageType': 'Detached Garage', 'heating': True, 'heatingType': 'Floor / Wall', 'roofType': 'Built-up', 'roomCount': 5, 'unitCount': 1}",1,12600.0
248,1,990.0,"{'architectureType': 'Condo / Apartment', 'unitCount': 1}",2,
249,0,3016.0,"{'floorCount': 1, 'roomCount': 1, 'unitCount': 1}",0,109336.0
250,0,832.0,"{'exteriorType': 'Aluminum / Vinyl Siding', 'floorCount': 1, 'foundationType': 'Raised'}",1,4008.0
251,4,3857.0,{},3,49266.0
252,3,2014.0,"{'cooling': True, 'coolingType': 'Central', 'exteriorType': 'Brick Veneer', 'fireplace': True, 'floorCount': 1, 'foundationType': 'Slab / Mat / Raft', 'garage': True, 'garageType': 'Attached', 'heating': True, 'heatingType': 'Central', 'roofType': 'Composition Shingle', 'unitCount': 1}",2,11042.0
253,3,1315.0,"{'cooling': True, 'coolingType': 'Package', 'exteriorType': 'Concrete Block', 'floorCount': 1, 'garage': True, 'garageType': 'Carport', 'heating': True, 'heatingType': 'Forced Air', 'roofType': 'Composition Shingle', 'unitCount': 1}",2,6600.0
254,0,1148.0,"{'architectureType': 'Condo / Apartment', 'cooling': True, 'coolingType': 'Central', 'exteriorType': 'Concrete Block', 'floorCount': 1, 'garage': True, 'garageType': 'Carport', 'heating': True, 'heatingType': 'Forced Air', 'roofType': 'Composition Shingle', 'unitCount': 1}",2,22047333.0
255,4,3654.0,"{'architectureType': 'Ranch', 'cooling': True, 'coolingType': 'Central', 'exteriorType': 'Stucco', 'fireplace': True, 'floorCount': 1, 'garage': True, 'garageSpaces': 3, 'garageType': 'Garage', 'heating': True, 'heatingType': 'Forced Air', 'pool': True, 'roofType': 'Tile', 'unitCount': 1}",4,17990.0
256,4,2588.0,"{'architectureType': 'Traditional', 'exteriorType': 'Wood', 'floorCount': 2, 'garage': True, 'garageSpaces': 3, 'garageType': 'Mixed', 'heating': True, 'heatingType': 'Electric', 'roomCount': 9, 'unitCount': 1}",2,30928.0
257,4,3725.0,"{'cooling': True, 'coolingType': 'Central', 'exteriorType': 'Brick Veneer', 'fireplace': True, 'fireplaceType': 'Single', 'floorCount': 2, 'foundationType': 'Raised', 'garage': True, 'garageType': 'Garage', 'heating': True, 'heatingType': 'Forced Air', 'roofType': 'Asphalt', 'roomCount': 8, 'unitCount': 1}",4,43360.0
258,3,972.0,"{'architectureType': 'Ranch', 'exteriorType': 'Aluminum / Vinyl Siding', 'floorCount': 1, 'garage': True, 'garageSpaces': 2, 'garageType': 'Detached', 'heating': True, 'heatingType': 'Forced Air', 'roofType': 'Asphalt', 'roomCount': 5, 'unitCount': 1}",1,4800.0
259,3,1628.0,"{'architectureType': 'Conventional', 'exteriorType': 'Brick Veneer', 'floorCount': 1, 'heating': True, 'heatingType': 'Heat Pump', 'roofType': 'Composition Shingle', 'roomCount': 5}",2,17102.0
260,2,1590.0,"{'architectureType': 'Condo / Apartment', 'cooling': True, 'coolingType': 'Central', 'exteriorType': 'Stucco', 'fireplace': True, 'floorCount': 2, 'heating': True, 'heatingType': 'Central', 'roomCount': 5, 'unitCount': 1}",3,915.0
261,2,1283.0,"{'cooling': True, 'coolingType': 'Refrigeration', 'exteriorType': 'Wood', 'floorCount': 1, 'garage': True, 'garageSpaces': 2, 'garageType': 'Garage', 'heating': True, 'heatingType': 'Forced Air', 'roofType': 'Other', 'roomCount': 6, 'unitCount': 1}",2,5018.0
262,1,570.0,"{'architectureType': 'Condo / Apartment', 'unitCount': 1}",1,10023.0
263,0,1110.0,"{'cooling': True, 'coolingType': 'Package', 'floorCount': 2, 'foundationType': 'Footing', 'heating': True, 'roofType': 'Composition Shingle', 'unitCount': 1}",0,436.0
264,3,2014.0,"{'cooling': True, 'coolingType': 'Central', 'exteriorType': 'Stucco', 'fireplace': True, 'floorCount': 1, 'foundationType': 'Footing', 'garage': True, 'garageSpaces': 2, 'garageType': 'Garage', 'heating': True, 'heatingType': 'Forced Air', 'pool': True, 'roofType': 'Shingle', 'unitCount': 1}",3,7379.0
265,6,3942.0,nan,3,14375.0
266,0,4503.0,"{'cooling': True, 'coolingType': 'Central', 'exteriorType': 'Stucco', 'fireplace': True, 'fireplaceType': 'Prefab', 'floorCount': 2, 'foundationType': 'Slab / Mat / Raft', 'garage': True, 'garageType': 'Attached', 'heating': True, 'heatingType': 'Central', 'roofType': 'Composition Shingle'}",4,16599.0
267,0,1600.0,{'floorCount': 2},0,4904.0
268,3,984.0,"{'floorCount': 1, 'foundationType': 'Pier / Post & Beam', 'garage': True, 'garageSpaces': 1, 'garageType': 'Carport', 'heating': True, 'heatingType': 'Floor / Wall', 'roofType': 'Composition Shingle', 'unitCount': 1}",1,6595.0
269,0,441.0,{'unitCount': 1},1,8888.0
270,1,858.0,{},1,
271,0,2795.0,"{'cooling': True, 'coolingType': 'Central', 'exteriorType': 'Siding', 'floorCount': 2, 'foundationType': 'Block with Runner', 'heating': True, 'heatingType': 'Central', 'roofType': 'Metal', 'unitCount': 1}",2,63000.0
272,4,1456.0,"{'architectureType': 'Bungalow', 'cooling': True, 'coolingType': 'Commercial', 'exteriorType': 'Brick / Stone', 'floorCount': 1, 'garage': True, 'garageSpaces': 2, 'garageType': 'Detached', 'roofType': 'Wood Shingle', 'unitCount': 1}",2,5000.0
273,3,1430.0,"{'cooling': True, 'coolingType': 'Central', 'fireplace': True, 'floorCount': 1, 'garage': True, 'garageType': 'Attached', 'heating': True, 'heatingType': 'Central', 'roofType': 'Tile', 'unitCount': 1}",2,7405.0
274,6,2880.0,"{'architectureType': 'Colonial', 'cooling': True, 'coolingType': 'Central', 'exteriorType': 'Aluminum / Vinyl Siding', 'floorCount': 2, 'heating': True, 'heatingType': 'Central', 'roomCount': 12, 'unitCount': 2}",3,9583.0
275,3,2575.0,"{'architectureType': 'Contemporary', 'cooling': True, 'coolingType': 'Central', 'exteriorType': 'Combination', 'floorCount': 2, 'foundationType': 'Slab / Mat / Raft', 'garage': True, 'garageSpaces': 1, 'garageType': 'Attached', 'heating': True, 'heatingType': 'Forced Air', 'roofType': 'Asphalt', 'roomCount': 6, 'unitCount': 1}",2,9017.0
276,3,1740.0,"{'cooling': True, 'coolingType': 'Central', 'exteriorType': 'Brick', 'fireplace': True, 'floorCount': 1, 'foundationType': 'Slab / Mat / Raft', 'garage': True, 'garageType': 'Garage', 'heating': True, 'heatingType': 'Central', 'roofType': 'Composition Shingle', 'unitCount': 1}",2,121968.0
277,3,1912.0,"{'architectureType': 'Contemporary', 'cooling': True, 'coolingType': 'Central', 'exteriorType': 'Asbestos Shingle', 'floorCount': 1, 'foundationType': 'Slab', 'garage': True, 'garageSpaces': 2, 'garageType': 'Attached Garage', 'heating': True, 'heatingType': 'Forced Air', 'roofType': 'Asphalt', 'roomCount': 6, 'unitCount': 1}",2,13983.0
278,4,4218.0,"{'architectureType': 'Conventional', 'cooling': True, 'coolingType': 'Commercial', 'exteriorType': 'OTHER', 'fireplace': True, 'floorCount': 2, 'garage': True, 'garageSpaces': 2, 'garageType': 'Attached', 'heating': True, 'heatingType': 'Forced Air', 'roofType': 'Composition Shingle', 'roomCount': 8, 'unitCount': 1}",4,38333.0
279,3,750.0,"{'architectureType': 'Conventional', 'exteriorType': 'Aluminum / Vinyl Siding', 'fireplace': True, 'floorCount': 1, 'foundationType': 'Masonry', 'heating': True, 'roofType': 'Asphalt', 'roomCount': 6, 'unitCount': 1, 'cooling': True, 'coolingType': 'Window', 'heatingType': 'Baseboard'}",1,8276.0
280,3,1602.0,{},2,10454.0
281,0,880.0,"{'architectureType': 'Mobile Home', 'cooling': True, 'coolingType': 'Commercial', 'exteriorType': 'Other', 'floorCount': 1, 'garage': True, 'garageSpaces': 1, 'garageType': 'Carport', 'roofType': 'Other', 'unitCount': 1}",1,4050.0
282,6,2568.0,nan,2,
283,3,1176.0,"{'cooling': True, 'coolingType': 'Central', 'exteriorType': 'Aluminum / Vinyl Siding', 'floorCount': 1, 'foundationType': 'OTHER', 'heating': True, 'heatingType': 'Heat Pump', 'roofType': 'Shingle', 'unitCount': 1}",2,9148.0
284,3,1332.0,"{'architectureType': 'Conventional', 'cooling': True, 'coolingType': 'Central', 'exteriorType': 'Brick', 'floorCount': 1, 'foundationType': 'Raised', 'heating': True, 'heatingType': 'Central', 'roomCount': 6, 'unitCount': 1}",1,15682.0
285,3,3961.0,"{'architectureType': 'Conventional', 'cooling': True, 'coolingType': 'Central', 'exteriorType': 'Brick / Stone', 'fireplace': True, 'floorCount': 2, 'garage': True, 'garageSpaces': 3, 'garageType': 'Attached', 'heating': True, 'roomCount': 7, 'unitCount': 1}",2,
286,0,1140.0,"{'garage': True, 'garageType': 'Detached'}",0,13504.0
287,0,2251.0,"{'architectureType': 'Ranch', 'cooling': True, 'coolingType': 'Commercial', 'exteriorType': 'Stucco', 'floorCount': 1, 'garage': True, 'garageType': 'Attached', 'heating': True, 'heatingType': 'Central', 'roofType': 'Composition Shingle', 'unitCount': 1}",0,18295.0
288,0,1362.0,nan,2,
289,3,1216.0,"{'architectureType': 'Ranch / Rambler', 'cooling': True, 'coolingType': 'Commercial', 'fireplace': True, 'floorCount': 1, 'heating': True, 'heatingType': 'Heat Pump', 'roomCount': 4, 'unitCount': 1}",1,90431.0
290,3,2633.0,"{'exteriorType': 'Brick Veneer', 'fireplace': True, 'floorCount': 1, 'foundationType': 'OTHER', 'heating': True, 'heatingType': 'Forced Air', 'roofType': 'Wood Shingle', 'unitCount': 1}",2,33025.0
291,3,1754.0,"{'architectureType': 'Ranch', 'exteriorType': 'Aluminum / Vinyl Siding', 'fireplace': True, 'floorCount': 1, 'garage': True, 'garageType': 'Attached', 'heating': True, 'heatingType': 'Hot Water', 'roofType': 'Asphalt', 'roomCount': 6, 'unitCount': 1}",2,15682.0
292,0,,nan,0,1595167.0
293,4,2990.0,"{'floorCount': 3, 'garage': True, 'garageSpaces': 2, 'garageType': 'Garage', 'heating': True, 'roomCount': 8}",5,2051.0
294,2,1036.0,"{'architectureType': 'Townhouse', 'cooling': True, 'coolingType': 'Central', 'exteriorType': 'Wood', 'fireplace': True, 'fireplaceType': 'Masonry', 'floorCount': 2, 'foundationType': 'Concrete', 'heating': True, 'heatingType': 'Central', 'unitCount': 1}",1,1274.0
295,5,2273.0,"{'cooling': True, 'coolingType': 'Central', 'fireplace': True, 'fireplaceType': 'Single', 'floorCount': 2, 'heating': True, 'heatingType': 'Forced Air', 'unitCount': 3}",4,5500.0
296,3,1250.0,{'unitCount': 1},1,2500.0
297,3,1200.0,"{'architectureType': 'Townhouse', 'cooling': True, 'coolingType': 'Commercial', 'exteriorType': 'Wood', 'fireplace': True, 'floorCount': 2, 'garage': True, 'garageType': 'Garage', 'heating': True, 'heatingType': 'Heat Pump', 'roofType': 'Composition Shingle', 'unitCount': 1}",1,1500.0
298,4,3090.0,"{'architectureType': 'Conventional', 'cooling': True, 'coolingType': 'Commercial', 'fireplace': True, 'floorCount': 1, 'garage': True, 'garageType': 'Attached', 'heating': True, 'unitCount': 1}",2,25178.0
299,3,1540.0,"{'architectureType': 'Ranch', 'cooling': True, 'exteriorType': 'Brick', 'fireplace': True, 'floorCount': 1, 'garage': True, 'garageType': 'Detached', 'heating': True, 'heatingType': 'Hot Water', 'roofType': 'Composition Shingle', 'roomCount': 6}",2,8400.0
300,3,1614.0,"{'architectureType': 'Traditional', 'cooling': True, 'coolingType': 'Central', 'exteriorType': 'Brick Veneer', 'floorCount': 1, 'foundationType': 'Slab / Mat / Raft', 'garage': True, 'garageSpaces': 2, 'garageType': 'Detached', 'heating': True, 'heatingType': 'Central', 'roomCount': 6, 'unitCount': 1}",2,24154.0
301,3,1642.0,nan,2,
302,4,2032.0,nan,2,
303,3,1380.0,"{'architectureType': 'Conventional', 'cooling': True, 'coolingType': 'Central', 'exteriorType': 'Aluminum / Vinyl Siding', 'fireplace': True, 'fireplaceType': 'Masonry', 'floorCount': 1, 'foundationType': 'Raised', 'garage': True, 'garageType': 'Garage', 'heating': True, 'heatingType': 'Forced Air', 'roofType': 'Composition Shingle', 'roomCount': 3, 'unitCount': 1}",2,40729.0
304,0,1933.0,"{'cooling': True, 'coolingType': 'Commercial', 'exteriorType': 'Brick', 'fireplace': True, 'floorCount': 1, 'foundationType': 'Footing', 'garage': True, 'garageSpaces': 2, 'garageType': 'Attached', 'heating': True, 'heatingType': 'Central', 'roofType': 'Composition Shingle', 'unitCount': 1}",2,5663.0
305,5,1988.0,"{'floorCount': 1, 'foundationType': 'OTHER', 'garage': True, 'garageSpaces': 2, 'garageType': 'Attached', 'heating': True, 'heatingType': 'Electric', 'roomCount': 10}",3,10106.0
306,4,3174.0,"{'garage': True, 'garageType': 'Garage'}",3,6718.0
307,3,1756.0,"{'cooling': True, 'coolingType': 'Central', 'floorCount': 1, 'garage': True, 'garageSpaces': 2, 'garageType': 'Garage', 'heating': True, 'heatingType': 'Central', 'unitCount': 1}",2,8185.0
308,4,1687.0,nan,3,
309,3,1850.0,{},2,
310,3,2578.0,"{'cooling': True, 'coolingType': 'Central', 'heating': True, 'heatingType': 'Solar', 'unitCount': 1}",3,3866.0
311,4,2585.0,"{'architectureType': 'Colonial', 'exteriorType': 'Wood', 'fireplace': True, 'fireplaceType': '2 Story', 'floorCount': 2, 'garage': True, 'garageSpaces': 2, 'garageType': 'Garage', 'heating': True, 'heatingType': 'Forced Air', 'pool': True, 'poolType': 'Pool, Plastic w/ Vinyl Lining', 'unitCount': 1}",3,25657.0
312,4,2200.0,nan,2,
313,0,459.0,nan,1,
314,0,2692.0,"{'cooling': True, 'coolingType': 'Central', 'exteriorType': 'Brick', 'fireplace': True, 'fireplaceType': '2 Story', 'floorCount': 1, 'foundationType': 'Slab', 'garage': True, 'garageType': 'Carport', 'heating': True, 'heatingType': 'Central', 'roofType': 'Asphalt', 'unitCount': 1}",3,13155.0
315,3,1652.0,"{'architectureType': 'Conventional', 'cooling': True, 'coolingType': 'Central', 'exteriorType': 'Brick', 'floorCount': 1, 'garage': True, 'garageSpaces': 2, 'garageType': 'Basement', 'heating': True, 'roomCount': 7, 'unitCount': 1}",2,9496.0
316,0,1168.0,"{'cooling': True, 'coolingType': 'Commercial', 'exteriorType': 'Siding', 'fireplace': True, 'floorCount': 1, 'foundationType': 'Footing', 'heating': True, 'roofType': 'Composition Shingle', 'unitCount': 1}",1,9600.0
317,0,2512.0,"{'cooling': True, 'coolingType': 'Refrigeration', 'exteriorType': 'Wood', 'floorCount': 1, 'garage': True, 'garageSpaces': 2, 'garageType': 'Garage', 'heating': True, 'heatingType': 'Forced Air', 'roofType': 'Concrete Tile', 'roomCount': 10, 'unitCount': 1}",3,9103.0
318,0,720.0,"{'cooling': True, 'coolingType': 'Window', 'exteriorType': 'Wood Frame'}",0,11326.0
319,4,3064.0,nan,1,
320,0,1271.0,"{'exteriorType': 'Wood', 'fireplace': True, 'foundationType': 'Retaining Wall', 'heating': True, 'roofType': 'Shingle (Not Wood)', 'unitCount': 1}",0,6850.0
321,0,3434.0,"{'cooling': True, 'coolingType': 'Commercial', 'exteriorType': 'Brick Veneer', 'fireplace': True, 'fireplaceType': 'Single', 'floorCount': 2, 'foundationType': 'Raised', 'garage': True, 'garageSpaces': 2, 'garageType': 'Attached', 'heating': True, 'heatingType': 'Central', 'roofType': 'Asphalt', 'unitCount': 1}",3,4692.0
322,4,748.0,"{'architectureType': 'Single Story', 'cooling': True, 'coolingType': 'Central', 'exteriorType': 'Stucco', 'floorCount': 1, 'garage': True, 'garageSpaces': 1, 'garageType': 'Detached', 'heating': True, 'heatingType': 'Heat Pump', 'roofType': 'Composition Shingle', 'unitCount': 1}",2,5400.0
323,3,1544.0,"{'cooling': True, 'coolingType': 'Central', 'exteriorType': 'Concrete Block', 'floorCount': 1, 'garage': True, 'garageSpaces': 2, 'garageType': 'Carport', 'heating': True, 'heatingType': 'Forced Air', 'roofType': 'Built-up (Layered Asphalt)', 'unitCount': 1}",2,9200.0
324,5,2909.0,"{'exteriorType': 'Stucco', 'floorCount': 2}",4,7225.0
325,3,1568.0,"{'architectureType': 'Traditional', 'exteriorType': 'Aluminum / Vinyl Siding', 'floorCount': 2, 'heating': True, 'heatingType': 'Forced Air'}",1,9148.0
326,4,1408.0,"{'architectureType': 'Colonial', 'exteriorType': 'Aluminum / Vinyl Siding', 'floorCount': 2, 'garage': True, 'garageSpaces': 2, 'garageType': 'Detached', 'heating': True, 'heatingType': 'Forced Air', 'roofType': 'Asphalt', 'roomCount': 6, 'unitCount': 1}",2,5200.0
327,0,1283.0,"{'cooling': True, 'coolingType': 'Commercial', 'exteriorType': 'Brick', 'floorCount': 1, 'foundationType': 'Pier / Post & Beam', 'heating': True, 'heatingType': 'Forced Air', 'roofType': 'Shingle', 'roomCount': 7, 'unitCount': 5}",1,
328,3,1176.0,"{'cooling': True, 'coolingType': 'Central', 'exteriorType': 'Concrete Block', 'floorCount': 1, 'garage': True, 'garageType': 'Carport', 'heating': True, 'heatingType': 'Forced Air', 'roofType': 'Composition Shingle', 'unitCount': 1}",2,6122.0
329,2,900.0,"{'cooling': True, 'coolingType': 'Central', 'exteriorType': 'Composition', 'floorCount': 1, 'foundationType': 'Slab / Mat / Raft', 'heating': True, 'heatingType': 'Central', 'roofType': 'Asphalt', 'unitCount': 1}",1,1025.0
330,4,1620.0,"{'architectureType': 'Traditional', 'cooling': True, 'coolingType': 'Central', 'exteriorType': 'Composition', 'fireplace': True, 'floorCount': 2, 'garage': True, 'garageType': 'Detached Garage', 'heating': True, 'heatingType': 'Hot Water'}",2,3049.0
331,5,2020.0,nan,2,
332,2,1092.0,nan,1,
333,0,,nan,0,9714.0
334,0,3494.0,"{'exteriorType': 'Brick', 'floorCount': 2, 'garage': True, 'garageSpaces': 3, 'garageType': 'Attached', 'unitCount': 1}",0,217800.0
335,3,1628.0,"{'cooling': True, 'coolingType': 'Central', 'exteriorType': 'Stucco', 'floorCount': 1, 'garage': True, 'garageSpaces': 1, 'garageType': 'Garage', 'heating': True, 'heatingType': 'Forced Air', 'roofType': 'Composition Shingle', 'unitCount': 1}",2,4725.0
336,3,1964.0,"{'architectureType': 'Condo / Apartment', 'unitCount': 1}",2,
337,3,952.0,"{'exteriorType': 'Wood Siding', 'floorCount': 1, 'foundationType': 'Crawl / Raised', 'garage': True, 'garageSpaces': 1, 'garageType': 'Carport', 'heating': True, 'heatingType': 'Forced Air', 'roofType': 'Composition Shingle', 'roomCount': 5, 'unitCount': 1}",1,7841.0
338,3,1450.0,nan,2,726.0
339,4,3100.0,{'floorCount': 2},2,6708.0
340,3,1239.0,"{'architectureType': 'Other', 'cooling': True, 'coolingType': 'Commercial', 'exteriorType': 'Stucco', 'floorCount': 1, 'foundationType': 'Block', 'garage': True, 'garageType': 'Attached', 'heating': True, 'heatingType': 'Heat Pump', 'roofType': 'Asphalt', 'unitCount': 1}",2,10000.0
341,3,1457.0,"{'floorCount': 1, 'garage': True, 'garageSpaces': 2, 'garageType': 'Garage', 'roomCount': 7, 'unitCount': 1, 'cooling': True, 'coolingType': 'Central'}",2,2465.0
342,3,2454.0,"{'architectureType': 'Cape Cod', 'cooling': True, 'coolingType': 'Central', 'exteriorType': 'Aluminum / Vinyl Siding', 'floorCount': 1, 'garage': True, 'garageSpaces': 2, 'garageType': 'Attached', 'heating': True, 'heatingType': 'Central', 'roomCount': 6, 'unitCount': 1}",3,6534.0
343,3,2961.0,nan,2,
344,1,704.0,"{'architectureType': 'Condo / Apartment', 'cooling': True, 'coolingType': 'Central', 'exteriorType': 'Concrete Block', 'floorCount': 1, 'foundationType': 'Slab / Mat / Raft', 'heating': True, 'heatingType': 'Central', 'roomCount': 4, 'unitCount': 1}",1,
345,0,972.0,"{'cooling': True, 'coolingType': 'Central', 'exteriorType': 'Wood', 'floorCount': 1, 'foundationType': 'Block with Runner', 'heating': True, 'heatingType': 'Central', 'roofType': 'Composition Shingle', 'unitCount': 1, 'viewType': 'Average'}",2,2375.0
346,2,1260.0,"{'architectureType': 'Cape Cod', 'exteriorType': 'Aluminum / Vinyl Siding', 'fireplace': True, 'floorCount': 2, 'garage': True, 'garageSpaces': 1, 'garageType': 'Underground / Basement', 'heating': True, 'heatingType': 'Hot Water', 'roomCount': 5, 'unitCount': 1}",1,8276.0
347,2,1147.0,nan,2,
348,2,880.0,nan,2,
349,3,1564.0,"{'cooling': True, 'coolingType': 'Central', 'exteriorType': 'Brick Veneer', 'floorCount': 1, 'foundationType': 'Slab / Mat / Raft', 'garage': True, 'garageSpaces': 2, 'garageType': 'Attached', 'heating': True, 'heatingType': 'Central', 'roofType': 'Composition Shingle', 'unitCount': 1}",2,9300.0
350,0,1284.0,"{'cooling': True, 'coolingType': 'Central', 'exteriorType': 'Brick / Stone', 'floorCount': 1, 'foundationType': 'Slab / Mat / Raft', 'garage': True, 'garageType': 'Attached', 'heating': True, 'heatingType': 'Central', 'roofType': 'Asphalt'}",2,6970.0
351,0,1784.0,"{'exteriorType': 'Brick', 'floorCount': 2, 'viewType': 'Average'}",0,1501.0
352,1,818.0,nan,1,
353,3,3275.0,"{'architectureType': 'Contemporary', 'cooling': True, 'coolingType': 'Central', 'exteriorType': 'Wood', 'fireplace': True, 'floorCount': 2, 'garage': True, 'garageSpaces': 2, 'garageType': 'Attached Garage', 'heating': True, 'heatingType': 'Heat Pump', 'pool': True, 'roomCount': 8, 'unitCount': 1}",4,96877.0
354,12,6960.0,{},12,
355,2,990.0,"{'cooling': True, 'coolingType': 'Commercial', 'exteriorType': 'Brick', 'fireplace': True, 'floorCount': 1, 'garage': True, 'garageSpaces': 1, 'garageType': 'Garage', 'heating': True, 'heatingType': 'Forced Air', 'roofType': 'Composition Shingle', 'roomCount': 5, 'unitCount': 1}",2,
356,3,1266.0,"{'cooling': True, 'coolingType': 'Central', 'exteriorType': 'Concrete Block', 'floorCount': 1, 'garage': True, 'garageSpaces': 1, 'garageType': 'Garage', 'heating': True, 'heatingType': 'Central', 'roofType': 'Composition Shingle', 'unitCount': 1}",2,8050.0
357,3,1144.0,"{'cooling': True, 'coolingType': 'Central', 'exteriorType': 'Vinyl', 'floorCount': 1, 'foundationType': 'Slab / Mat / Raft', 'heating': True, 'heatingType': 'Central', 'roofType': 'Shingle', 'unitCount': 1}",2,3750.0
358,3,1237.0,"{'architectureType': 'A-Frame', 'cooling': True, 'coolingType': 'Commercial', 'exteriorType': 'Aluminum / Vinyl Siding', 'floorCount': 3, 'foundationType': 'OTHER', 'heating': True, 'heatingType': 'Forced Air', 'roofType': 'Shingle', 'roomCount': 8, 'unitCount': 1}",2,1568.0
359,3,1972.0,nan,2,5789.0
360,3,1308.0,nan,1,1400.0
361,0,2978.0,"{'floorCount': 2, 'garage': True, 'garageType': 'Attached'}",0,8233.0
362,0,1687.0,"{'architectureType': 'Ranch / Rambler', 'cooling': True, 'coolingType': 'Central', 'exteriorType': 'Wood', 'fireplace': True, 'floorCount': 1, 'foundationType': 'Concrete', 'garage': True, 'garageSpaces': 2, 'garageType': 'Garage', 'heating': True, 'heatingType': 'Central', 'roofType': 'Shingle (Not Wood)', 'roomCount': 7, 'unitCount': 1}",2,10000.0
363,3,1030.0,nan,2,6000.0
364,3,2000.0,nan,2,
365,2,840.0,{},1,
366,2,1030.0,"{'fireplace': True, 'floorCount': 1, 'garage': True, 'garageSpaces': 2, 'garageType': 'Detached', 'heating': True, 'roofType': 'Composition Shingle', 'unitCount': 1, 'cooling': True, 'coolingType': 'Central', 'heatingType': 'Central'}",1,37026.0
367,0,884.0,"{'architectureType': 'Multi-Unit Building', 'exteriorType': 'Aluminum / Vinyl Siding', 'fireplace': True, 'floorCount': 2, 'foundationType': 'Pier / Post & Beam', 'heating': True, 'roofType': 'Shingle', 'unitCount': 1}",3,6000.0
368,0,1075.0,{'unitCount': 1},1,6461.0
369,2,1033.0,"{'cooling': True, 'coolingType': 'Commercial', 'exteriorType': 'Aluminum / Vinyl Siding', 'fireplace': True, 'floorCount': 1, 'heating': True, 'heatingType': 'Heat Pump', 'roofType': 'Composition Shingle', 'roomCount': 4, 'unitCount': 1}",1,
370,2,1188.0,"{'exteriorType': 'Other', 'floorCount': 2, 'roomCount': 4, 'unitCount': 1}",2,
371,3,1896.0,"{'architectureType': 'Colonial', 'cooling': True, 'coolingType': 'Commercial', 'floorCount': 2, 'foundationType': 'Slab / Mat / Raft', 'garage': True, 'garageType': 'Attached', 'heating': True, 'heatingType': 'Radiant', 'roofType': 'Shingle', 'roomCount': 7, 'unitCount': 1}",2,14224.0
372,0,1340.0,"{'cooling': True, 'coolingType': 'Central', 'exteriorType': 'Wood', 'fireplace': True, 'floorCount': 1, 'foundationType': 'Pier', 'heating': True, 'heatingType': 'Central', 'roofType': 'Composition Shingle', 'unitCount': 1}",1,5663.0
373,0,,nan,0,11326.0
374,4,2618.0,"{'cooling': True, 'coolingType': 'Central', 'exteriorType': 'Stucco', 'floorCount': 2, 'garage': True, 'garageType': 'Garage', 'heating': True, 'heatingType': 'Forced Air', 'roofType': 'Composition Shingle', 'unitCount': 1}",2,6581.0
375,2,867.0,"{'floorCount': 1, 'heating': True, 'heatingType': 'Floor / Wall', 'unitCount': 1}",1,5213.0
376,4,2699.0,"{'exteriorType': 'Wood', 'floorCount': 2, 'garage': True, 'garageType': 'Attached', 'heating': True, 'heatingType': 'Central', 'roomCount': 8, 'unitCount': 1}",2,5000.0
377,1,730.0,"{'architectureType': 'Condo / Apartment', 'cooling': True, 'coolingType': 'Central', 'exteriorType': 'Stucco', 'fireplace': True, 'floorCount': 1, 'heating': True, 'heatingType': 'Forced Air', 'roofType': 'Tile', 'roomCount': 3}",1,
378,2,1228.0,"{'cooling': True, 'coolingType': 'Central', 'exteriorType': 'Aluminum / Vinyl Siding', 'fireplace': True, 'fireplaceType': 'Prefab', 'floorCount': 1, 'foundationType': 'Slab / Mat / Raft', 'heating': True, 'heatingType': 'Steam', 'roofType': 'Asphalt', 'unitCount': 1}",2,69696.0
379,2,,nan,1,
380,3,1034.0,"{'cooling': True, 'coolingType': 'Commercial', 'exteriorType': 'Brick Veneer', 'fireplace': True, 'floorCount': 1, 'foundationType': 'Retaining Wall', 'garage': True, 'garageType': 'Carport', 'heating': True, 'heatingType': 'Central', 'roofType': 'Asphalt'}",1,6098.0
381,3,1353.0,"{'architectureType': 'Cape Cod', 'cooling': True, 'coolingType': 'Central', 'exteriorType': 'Wood', 'fireplace': True, 'fireplaceType': 'Masonry', 'floorCount': 1, 'foundationType': 'Raised', 'garage': True, 'garageSpaces': 2, 'garageType': 'Carport', 'heating': True, 'heatingType': 'Central', 'roofType': 'Shingle', 'roomCount': 7, 'unitCount': 1}",2,10454.0
382,4,3476.0,"{'architectureType': 'Split Level', 'cooling': True, 'coolingType': 'Central', 'exteriorType': 'Wood', 'fireplace': True, 'floorCount': 2, 'garage': True, 'garageSpaces': 2, 'garageType': 'Detached', 'roofType': 'Shingle', 'unitCount': 1}",2,12540.0
383,2,616.0,nan,1,8184.0
384,2,1252.0,nan,2,
385,0,2435.0,"{'cooling': True, 'coolingType': 'Central', 'exteriorType': 'Brick Veneer', 'fireplace': True, 'foundationType': 'Slab / Mat / Raft', 'garage': True, 'garageType': 'Garage', 'heating': True, 'heatingType': 'Central', 'roofType': 'Composition Shingle'}",2,12632.0
386,4,2456.0,"{'cooling': True, 'coolingType': 'Central', 'exteriorType': 'Aluminum / Vinyl Siding', 'fireplace': True, 'floorCount': 2, 'garage': True, 'garageSpaces': 2, 'garageType': 'Garage', 'heating': True, 'heatingType': 'Forced Air', 'roomCount': 8, 'unitCount': 1}",2,12672.0
387,3,1687.0,"{'architectureType': 'Single Story', 'cooling': True, 'coolingType': 'Central', 'exteriorType': 'Stucco', 'fireplace': True, 'floorCount': 1, 'garage': True, 'garageSpaces': 1, 'garageType': 'Attached', 'heating': True, 'heatingType': 'Forced Air', 'roofType': 'Tile', 'roomCount': 6, 'unitCount': 1}",2,6534.0
388,0,1958.0,"{'architectureType': 'Condo / Apartment', 'cooling': True, 'coolingType': 'Central', 'heating': True, 'heatingType': 'Central'}",0,405.0
389,4,1707.0,"{'cooling': True, 'coolingType': 'Central', 'fireplace': True, 'floorCount': 1, 'foundationType': 'Slab / Mat / Raft', 'garage': True, 'garageSpaces': 2, 'garageType': 'Attached', 'heating': True, 'heatingType': 'Central', 'roofType': 'Wood Shingle', 'roomCount': 7, 'unitCount': 1}",2,6050.0
390,4,4706.0,"{'architectureType': 'Conventional', 'cooling': True, 'coolingType': 'Commercial', 'exteriorType': 'Brick Veneer', 'fireplace': True, 'floorCount': 1, 'foundationType': 'Other', 'heating': True, 'heatingType': 'Forced Air', 'roofType': 'Shingle', 'roomCount': 8, 'unitCount': 1}",3,26136.0
391,3,1176.0,"{'cooling': True, 'coolingType': 'Central', 'exteriorType': 'Aluminum / Vinyl Siding', 'floorCount': 1, 'foundationType': 'Pier / Post & Beam', 'garage': True, 'garageSpaces': 1, 'garageType': 'Mixed', 'heating': True, 'heatingType': 'Central', 'roofType': 'Composition Shingle', 'unitCount': 1}",1,8408.0
392,4,3651.0,"{'cooling': True, 'coolingType': 'Refrigeration', 'exteriorType': 'Wood', 'floorCount': 1, 'garage': True, 'garageSpaces': 3, 'garageType': 'Garage', 'heating': True, 'heatingType': 'Forced Air', 'pool': True, 'roofType': 'Tile', 'roomCount': 7, 'unitCount': 1}",4,51678.0
393,3,1672.0,"{'architectureType': 'Townhouse', 'cooling': True, 'coolingType': 'Commercial', 'exteriorType': 'Aluminum / Vinyl Siding', 'fireplace': True, 'floorCount': 2, 'garage': True, 'garageSpaces': 1, 'garageType': 'Underground / Basement', 'heating': True, 'heatingType': 'Forced Air', 'roofType': 'Composition Shingle', 'unitCount': 1}",3,2060.0
394,0,1629.0,"{'cooling': True, 'coolingType': 'Refrigeration', 'exteriorType': 'Wood', 'floorCount': 1, 'garage': True, 'garageSpaces': 2, 'garageType': 'Garage', 'heating': True, 'heatingType': 'Forced Air', 'roofType': 'Other', 'roomCount': 6, 'unitCount': 1}",2,6055.0
395,2,700.0,nan,1,
396,0,2152.0,"{'cooling': True, 'coolingType': 'Refrigeration', 'exteriorType': 'Wood', 'floorCount': 1, 'garage': True, 'garageSpaces': 3, 'garageType': 'Garage', 'heating': True, 'heatingType': 'Forced Air', 'roofType': 'Other', 'roomCount': 8, 'unitCount': 1}",2,7758.0
397,3,1152.0,"{'architectureType': 'Cape Cod', 'cooling': True, 'coolingType': 'Commercial', 'exteriorType': 'OTHER', 'floorCount': 2, 'heating': True, 'heatingType': 'Hot Water', 'roofType': 'Asphalt', 'roomCount': 5}",1,11292.0
398,0,585.0,"{'architectureType': 'Condo / Apartment', 'fireplace': True, 'floorCount': 1, 'unitCount': 1}",0,1742.0
399,4,2356.0,nan,2,
400,0,1328.0,"{'architectureType': 'Condo / Apartment', 'cooling': True, 'coolingType': 'Refrigeration', 'exteriorType': 'Stucco', 'floorCount': 1, 'garage': True, 'garageSpaces': 2, 'garageType': 'Carport', 'heating': True, 'heatingType': 'Forced Air', 'roofType': 'Built-up (Layered Asphalt)', 'roomCount': 5, 'unitCount': 1}",2,171.0
401,2,1092.0,nan,2,1249.0
402,3,1900.0,nan,1,
403,3,1197.0,"{'cooling': True, 'coolingType': 'Central', 'floorCount': 1, 'garage': True, 'garageSpaces': 2, 'garageType': 'Attached', 'heating': True, 'heatingType': 'Central', 'roofType': 'Asphalt', 'roomCount': 7, 'unitCount': 1}",2,3528.0
404,3,1248.0,"{'cooling': True, 'coolingType': 'Refrigeration', 'fireplace': True, 'fireplaceType': 'Single', 'floorCount': 1, 'garage': True, 'garageType': 'Attached', 'heating': True, 'heatingType': 'Forced Air', 'unitCount': 1}",2,4791.0
405,0,,nan,0,445619.0
406,0,2368.0,"{'garage': True, 'garageType': 'Carport'}",0,87120.0
407,3,1687.0,"{'cooling': True, 'coolingType': 'Commercial', 'exteriorType': 'Other', 'floorCount': 1, 'foundationType': 'OTHER', 'garage': True, 'garageSpaces': 2, 'garageType': 'Attached', 'heating': True, 'heatingType': 'Central', 'roofType': 'Tile', 'unitCount': 1}",2,7040.0
408,3,2713.0,"{'cooling': True, 'coolingType': 'Central', 'exteriorType': 'Siding', 'floorCount': 2, 'foundationType': 'OTHER', 'garage': True, 'garageType': 'Garage', 'heating': True, 'heatingType': 'Heat Pump', 'roofType': 'Composition Shingle', 'roomCount': 3, 'unitCount': 1}",2,7841.0
409,2,1157.0,"{'architectureType': 'Condo / Apartment', 'cooling': True, 'coolingType': 'Central', 'exteriorType': 'Aluminum / Vinyl Siding', 'floorCount': 1, 'heating': True, 'heatingType': 'Central'}",2,
410,0,2680.0,"{'cooling': True, 'coolingType': 'Central', 'exteriorType': 'Brick', 'fireplace': True, 'fireplaceType': 'Prefab', 'floorCount': 2, 'foundationType': 'Slab / Mat / Raft', 'garage': True, 'garageType': 'Garage', 'heating': True, 'heatingType': 'Electric', 'roofType': 'Composition Shingle', 'unitCount': 1}",3,6895.0
